feeder,belief,n0,reference,adaptive,ref,diff,ci_lo,ci_hi,wilcoxon_p,wins,rrb
stiff,true,0.02,unhedged rule (same belief),0.9851728423049713,0.9859236417751097,-0.0007507994701385523,-0.0021614047169087477,0.0006575669471177547,0.12431015694745697,43,-0.17702970297029702
stiff,true,0.02,unhedged rule (true model),0.9851728423049713,0.9859236417751097,-0.0007507994701385523,-0.0021614047169087477,0.0006575669471177547,0.12431015694745697,43,-0.17702970297029702
stiff,true,0.02,PPO (true model),0.9851728423049713,0.9702740766407589,0.014898765664212102,0.01288709551476935,0.0170195281868719,1.5137158701684123e-16,95,0.9508910891089108
stiff,pessimistic,0.02,unhedged rule (same belief),0.9854259245718153,0.9850040053839716,0.00042191918784371897,0.00034559128068395656,0.000499951758327832,2.917295855137348e-15,92,0.9093069306930693
stiff,pessimistic,0.02,unhedged rule (true model),0.9854259245718153,0.9859236417751097,-0.0004977172032945076,-0.0006372530815270546,-0.00037616132686341407,4.220912101095269e-14,16,-0.8700990099009901
stiff,pessimistic,0.02,PPO (true model),0.9854259245718153,0.9702740766407589,0.015151847931056147,0.01379428044315965,0.01649447441453143,4.139373908714419e-18,99,0.9992079207920792
stiff,optimistic,0.02,unhedged rule (same belief),0.9775769547272034,0.9857163838342572,-0.008139429107053705,-0.010350892880100607,-0.005889464331220102,4.114194036557029e-09,27,-0.6772277227722773
stiff,optimistic,0.02,unhedged rule (true model),0.9775769547272034,0.9859236417751097,-0.008346687047906164,-0.010555725047194361,-0.006096118466692865,2.653061163858181e-09,27,-0.6855445544554456
stiff,optimistic,0.02,PPO (true model),0.9775769547272034,0.9702740766407589,0.007302878086444488,0.004745508449542775,0.009958373253731887,1.6712533834681047e-06,68,0.5516831683168317
stiff,class-errors,0.02,unhedged rule (same belief),0.9706739687215966,0.8609588862682014,0.10971508245339547,0.10624742993495244,0.11327435612321113,3.896559845095909e-18,100,1.0
stiff,class-errors,0.02,unhedged rule (true model),0.9706739687215966,0.9859236417751097,-0.015249673053513048,-0.018298186945741108,-0.012036982351052328,1.1857744591583673e-12,18,-0.8186138613861386
stiff,class-errors,0.02,PPO (true model),0.9706739687215966,0.9702740766407589,0.00039989208083760717,-0.0031125892985999866,0.003987363238343869,0.8124671821144986,52,0.027326732673267327
stiff,class-errors,0.02,PPO (believed-trained),0.9706739687215966,0.9427149792699662,0.027958989451630528,0.026312686461374274,0.02956200711841446,4.0161556854627e-18,99,0.9996039603960396
stiff,dispersion,0.02,unhedged rule (same belief),0.9851803744293963,0.985863392903785,-0.0006830184743886958,-0.0020117129859502664,0.000666094787086485,0.0019040300514065042,37,-0.3576237623762376
stiff,dispersion,0.02,unhedged rule (true model),0.9851803744293963,0.9859236417751097,-0.0007432673457135341,-0.0020709559412289812,0.0006014781901745432,0.010947806759784452,41,-0.29306930693069305
stiff,dispersion,0.02,PPO (true model),0.9851803744293963,0.9702740766407589,0.01490629778863712,0.0129597529818949,0.01696045954314548,6.166069759616455e-17,95,0.9631683168316831
weak,true,0.02,unhedged rule (same belief),1.097094242803847,1.1070537600413355,-0.00995951723748866,-0.014703587529435267,-0.005431969192906644,0.0007343172138437582,37,-0.3889108910891089
weak,true,0.02,unhedged rule (true model),1.097094242803847,1.1070537600413355,-0.00995951723748866,-0.014703587529435267,-0.005431969192906644,0.0007343172138437582,37,-0.3889108910891089
weak,true,0.02,PPO (true model),1.097094242803847,1.0948973611894666,0.0021968816143802528,-0.003910361797233859,0.007963320679587127,0.17441979998997525,61,0.15643564356435644
weak,pessimistic,0.02,unhedged rule (same belief),1.090123687812249,1.0966973726058276,-0.006573684793578612,-0.009594677365080134,-0.003837793306132066,6.555148111526926e-06,32,-0.5192079207920792
weak,pessimistic,0.02,unhedged rule (true model),1.090123687812249,1.1070537600413355,-0.016930072229086494,-0.020431242808985277,-0.01366991867179767,6.45706688194492e-15,9,-0.8978217821782178
weak,pessimistic,0.02,PPO (true model),1.090123687812249,1.0948973611894666,-0.004773673377217581,-0.010334323266982892,0.00031861377583132554,0.28492594015284,46,-0.12316831683168317
weak,optimistic,0.02,unhedged rule (same belief),1.0858373917821087,1.1078390412885468,-0.022001649506438084,-0.027653552003635732,-0.016381948979448075,9.756622781503912e-10,25,-0.7041584158415841
weak,optimistic,0.02,unhedged rule (true model),1.0858373917821087,1.1070537600413355,-0.021216368259226757,-0.027040414769522236,-0.015469490864628033,3.4111142754357864e-09,24,-0.6807920792079208
weak,optimistic,0.02,PPO (true model),1.0858373917821087,1.0948973611894666,-0.009059969407357845,-0.01633110899643259,-0.0019625518713972646,0.018339527184953693,35,-0.2716831683168317
weak,class-errors,0.02,unhedged rule (same belief),1.0721943216288086,1.0461777498338496,0.026016571794958965,0.020141476950376026,0.032225994080513694,5.5634556953558915e-12,82,0.7936633663366337
weak,class-errors,0.02,unhedged rule (true model),1.0721943216288086,1.1070537600413355,-0.03485943841252692,-0.04056259674486751,-0.029184830580747174,1.234309221920007e-15,12,-0.9215841584158416
weak,class-errors,0.02,PPO (true model),1.0721943216288086,1.0948973611894666,-0.02270303956065801,-0.0289957567641362,-0.016489031464761116,3.3406275973304598e-09,26,-0.6811881188118812
weak,class-errors,0.02,PPO (believed-trained),1.0721943216288086,1.0482198914503345,0.023974430178474285,0.018881441212424455,0.02895607957084214,3.4228453616085875e-12,78,0.8015841584158416
weak,dispersion,0.02,unhedged rule (same belief),1.0981021433793974,1.1077995215523553,-0.00969737817295759,-0.014147047615929696,-0.00541599858999335,0.0004832018361438229,37,-0.401980198019802
weak,dispersion,0.02,unhedged rule (true model),1.0981021433793974,1.1070537600413355,-0.008951616661937998,-0.01341761208594643,-0.004598395081762085,0.0020411585418374637,38,-0.35524752475247523
weak,dispersion,0.02,PPO (true model),1.0981021433793974,1.0948973611894666,0.0032047821899309136,-0.0026968955602942905,0.008727465941619444,0.0831106495690996,58,0.19960396039603961
