feeder,scenario_seed,n_binaries,lp_bound,tr_bound_term,seconds,status,ws_value,ws_bound,ws_replay,ws_installed_mw
stiff,10000,0,1.016681092733558,0.0,0.0725509999319911,0,1.016681092733558,1.016681092733558,1.0166810927335548,1.8933815640146732
stiff,10001,0,1.0298290960742502,0.0,0.07243969989940524,0,1.0298290960742502,1.0298290960742502,1.029829096074251,1.257190597296019
stiff,10002,0,1.046092204631421,0.0,0.06060159998014569,0,1.046092204631421,1.046092204631421,1.0460922046314214,1.320950220524554
stiff,10003,16,1.0278915299442417,0.0,0.09389939997345209,0,1.0278915299442275,1.0278915299442275,1.0278915299442275,1.8975693824350426
stiff,10004,55,1.0257449674455525,0.0,0.10019210004247725,0,1.0257449674455081,1.0257449674455081,1.0257449674455077,1.7111678917673805
stiff,10005,9,1.0270344590487674,0.0,0.09088049991987646,0,1.0270344590487586,1.0270344590487586,1.0270344590487588,1.1631215690663257
stiff,10006,0,1.0284511469145308,0.0,0.07428639999125153,0,1.0284511469145308,1.0284511469145308,1.0284511469145337,1.0934468944852054
stiff,10007,3,1.04945418033952,0.0,0.08959859993774444,0,1.0494541803395183,1.0494541803395183,1.0494541803395185,1.6661186306462883
stiff,10008,14,1.0628803783922276,0.0,0.0823202000465244,0,1.0628803783922152,1.0628803783922152,1.0628803783922138,1.2639321387440243
stiff,10009,5,1.0555424546302454,0.0,0.07785050000529736,0,1.0555424546302419,1.0555424546302419,1.0555424546302417,1.4254532257653314
stiff,10010,0,1.0566603668615908,0.0,0.0614567999728024,0,1.0566603668615908,1.0566603668615908,1.0566603668615904,1.4808071830042837
stiff,10011,2,1.0443228140478027,0.0,0.09271070000249892,0,1.0443228140478027,1.0443228140478027,1.0443228140478027,1.919041114350739
stiff,10012,0,1.0244943793057306,0.0,0.05073450005147606,0,1.0244943793057306,1.0244943793057306,1.0244943793057293,1.2294024941235342
stiff,10013,0,1.0622694530927816,0.0,0.05890760000329465,0,1.0622694530927816,1.0622694530927816,1.062269453092781,1.8820513832129087
stiff,10014,208,1.0605288772893537,0.0,0.13457059999927878,0,1.0605288772891814,1.0605288772891814,1.0605288772891814,1.3027987467558169
stiff,10015,100,0.9977486499729586,0.0,0.10266599990427494,0,0.9977486499728787,0.9977486499728805,0.9977486499728785,1.86089372049719
stiff,10016,29,1.052404927569624,0.0,0.08315220009535551,0,1.0524049275696008,1.0524049275696008,1.0524049275696001,1.9501186065727607
stiff,10017,14,1.0194738328886146,0.0,0.08266199997160584,0,1.019473832888604,1.019473832888604,1.0194738328886042,1.878627711297097
stiff,10018,21,1.0621118705685877,0.0,0.08681659994181246,0,1.0621118705685682,1.0621118705685682,1.062111870568568,1.149194392807826
stiff,10019,7,1.0186095414508447,0.0,0.08356890000868589,0,1.0186095414508411,1.0186095414508411,1.0186095414508407,1.3528110578627581
stiff,10020,6,1.0130951001886501,0.0,0.08797059999778867,0,1.0130951001886395,1.0130951001886412,1.0130951001886395,1.9089535589758473
stiff,10021,53,1.033416118596726,0.0,0.09578629990573972,0,1.03341611859668,1.03341611859668,1.033416118596679,1.766157028043765
stiff,10022,108,1.0598306788718244,0.0,0.11322200007271022,0,1.059830678871732,1.059830678871732,1.0598306788717324,1.6929395411985775
stiff,10023,57,1.025327257513677,0.0,0.11323070002254099,0,1.025327257513629,1.025327257513629,1.0253272575136299,1.7069017831044972
stiff,10024,103,1.0410426316787706,0.0,0.11785189993679523,0,1.0410426316786872,1.0410426316786872,1.0410426316786858,1.4381536524232685
stiff,10025,0,1.0260016416633029,0.0,0.06770150002557784,0,1.0260016416633029,1.0260016416633029,1.026001641663302,1.0934559744294903
stiff,10026,98,1.0287242346549021,6.510416666666667e-05,0.11866799998097122,0,1.0287242346548169,1.0287242346548187,1.0287242346548167,1.5903201094978694
stiff,10027,2,1.0223861611631424,0.0,0.05908380006439984,0,1.0223861611631442,1.0223861611631442,1.0223861611631453,1.7455733194183454
stiff,10028,18,1.016002481840406,0.0,0.08108419994823635,0,1.0160024818403919,1.0160024818403919,1.016002481840392,1.4101304005078155
stiff,10029,1,1.0456776827625411,0.0,0.09162399999331683,0,1.0456776827625394,1.0456776827625376,1.0456776827625391,1.4704322893445068
stiff,10030,0,1.0016923817254408,0.0,0.053174100001342595,0,1.0016923817254408,1.0016923817254408,1.0016923817254344,1.1034538537361271
stiff,10031,0,1.0198991196878264,0.0,0.05055509996600449,0,1.0198991196878264,1.0198991196878264,1.019899119687827,1.7625486791028284
stiff,10032,90,1.0625386406031883,0.0,0.10414509999100119,0,1.0625386406031172,1.0625386406031172,1.0625386406031163,1.5609625368782587
stiff,10033,10,1.0535881265369742,0.0,0.08113099995534867,0,1.0535881265369653,1.0535881265369653,1.0535881265369638,1.2118579545292387
stiff,10034,0,1.0468476219569265,0.0,0.07050709996838123,0,1.0468476219569265,1.0468476219569265,1.0468476219569254,1.793386426923438
stiff,10035,34,1.0152866202879522,0.0,0.11989430000539869,0,1.0152866202879238,1.0152866202879256,1.0152866202879243,1.274361261174041
stiff,10036,4,1.0329114285392471,0.0,0.0902936999918893,0,1.0329114285392418,1.0329114285392418,1.0329114285392427,1.3068728855338052
stiff,10037,9,1.0337217529657092,0.0,0.09151950001250952,0,1.0337217529657003,1.0337217529657003,1.0337217529657012,1.5107062320461568
stiff,10038,16,1.0565319896149727,0.0,0.08306429989170283,0,1.0565319896149585,1.0565319896149603,1.0565319896149588,1.1765756789681419
stiff,10039,74,1.0375369703208506,0.0,0.11618110002018511,0,1.0375369703207866,1.0375369703207866,1.037536970320786,1.3548248527858924
stiff,10040,1,1.041447676086129,0.0,0.09612620004918426,0,1.0414476760861344,1.0414476760861344,1.0414476760861344,1.5542248694716265
stiff,10041,0,1.0060104474488476,0.0,0.052859900053590536,0,1.0060104474488476,1.0060104474488476,1.006010447448847,1.8761855294970982
stiff,10042,42,1.0473358033844278,0.0,0.09743279998656362,0,1.0473358033843922,1.0473358033843922,1.0473358033843916,1.7617166083592337
stiff,10043,31,1.0486458609749683,0.0,0.08875039999838918,0,1.0486458609749434,1.0486458609749434,1.0486458609749427,1.6937773667924505
stiff,10044,35,1.0087262185500823,0.0,0.09840040002018213,0,1.0087262185500556,1.0087262185500556,1.0087262185500543,1.8718795653996891
stiff,10045,0,1.0468952710518398,0.0,0.06970260001253337,0,1.0468952710518398,1.0468952710518398,1.0468952710518362,1.21381401544665
stiff,10046,0,1.036083578058939,0.0,0.06841299997176975,0,1.036083578058939,1.036083578058939,1.0360835780589397,1.9190080169882724
stiff,10047,75,1.0417201759135573,0.0,0.10225659993011504,0,1.041720175913488,1.041720175913488,1.041720175913488,1.9417199322478735
stiff,10048,5,1.0247081309878965,0.0,0.0692660000640899,0,1.0247081309878947,1.0247081309878947,1.0247081309878947,1.5818438594493212
stiff,10049,45,1.0306044776251841,0.0,0.09983389999251813,0,1.0306044776251415,1.0306044776251415,1.030604477625142,1.2367973371470247
stiff,10050,114,1.0243450673017112,0.0,0.1373485999647528,0,1.0243450673016188,1.0243450673016206,1.02434506730162,1.6819212763891995
stiff,10051,99,1.0404220043371328,0.0,0.1211032000137493,0,1.0404220043370493,1.0404220043370493,1.0404220043370496,1.2312332573249678
stiff,10052,0,1.058392221728969,0.0,0.048688000068068504,0,1.058392221728969,1.058392221728969,1.058392221728966,1.0251605447857104
stiff,10053,32,1.029277881345811,0.0,0.07008879992645234,0,1.029277881345788,1.029277881345788,1.029277881345789,1.739128355376581
stiff,10054,33,1.0449675948599815,0.0,0.06768540001939982,0,1.0449675948599495,1.0449675948599495,1.0449675948599497,1.7313288976942793
stiff,10055,263,1.043682653743403,0.0,0.16625739994924515,0,1.04356614112905,1.0436826537431863,1.0435661411290496,1.9242318994931806
stiff,10056,0,1.0430417106626901,0.0,0.0738155998988077,0,1.0430417106626901,1.0430417106626901,1.0430417106626901,1.7027689561768697
stiff,10057,3,1.0554654494153688,0.0,0.09012319997418672,0,1.0554654494153688,1.0554654494153688,1.0554654494153688,1.3727483500917748
stiff,10058,4,1.0521672965094133,0.0,0.07714950002264231,0,1.052167296509408,1.052167296509408,1.0521672965094078,1.670603378602495
stiff,10059,2,1.0538477243021607,0.0,0.0778458999702707,0,1.0538477243021607,1.0538477243021607,1.0538477243021611,1.2515033465917869
stiff,10060,18,1.0451812870421158,0.0,0.0944618999492377,0,1.0451812870421069,1.0451812870421069,1.0451812870421069,1.772465681237092
stiff,10061,2,1.048613427929162,0.0,0.07988209999166429,0,1.0486134279291601,1.0486134279291601,1.04861342792916,1.721028658423062
stiff,10062,0,1.0639938476692823,0.0,0.05211699998471886,0,1.0639938476692823,1.0639938476692823,1.063993847669281,1.739314673506071
stiff,10063,0,1.068171251550508,0.0,0.07964880007784814,0,1.068171251550508,1.068171251550508,1.0681712515505097,1.4462002659726099
stiff,10064,99,1.0489440857522823,0.0,0.1040575000224635,0,1.0489440857521988,1.0489440857521988,1.0489440857521992,1.3117514336174205
stiff,10065,0,1.016887839297949,0.0,0.06744859996251762,0,1.016887839297949,1.016887839297949,1.0168878392979526,1.5280510679400636
stiff,10066,2,1.0250343572454934,0.0,0.07071579992771149,0,1.0250343572454952,1.0250343572454952,1.0250343572454939,1.3831414714194001
stiff,10067,0,1.032327029957603,0.0,0.062114099971950054,0,1.032327029957603,1.032327029957603,1.0323270299576055,1.9701545402967955
stiff,10068,1,1.0508187239982796,0.0,0.08417799999006093,0,1.0508187239982796,1.0508187239982778,1.050818723998279,1.2255008579713471
stiff,10069,23,1.0066037260561078,0.0,0.08796889998484403,0,1.00660372605609,1.00660372605609,1.006603726056091,1.912505342572653
stiff,10070,0,1.0307000781660758,0.0,0.06620849994942546,0,1.0307000781660758,1.0307000781660758,1.0307000781660764,1.720537345319381
stiff,10071,37,1.0473693448455492,0.0,0.08042479993309826,0,1.0473087131658847,1.0473693448455226,1.0473087131658847,1.9019133889005881
stiff,10072,0,1.0425020953961344,0.0,0.06491790001746267,0,1.0425020953961344,1.0425020953961344,1.042502095396138,1.5645357533573134
stiff,10073,1,1.0851042981415926,0.0,0.07641119998879731,0,1.085104298141598,1.085104298141598,1.0851042981415973,1.2438552662986055
stiff,10074,172,1.0538368690154218,0.0,0.11436140001751482,0,1.053836869015278,1.053836869015278,1.0538368690152777,1.4182577335287645
stiff,10075,254,1.052886302412496,0.0,0.16038449993357062,0,1.0528863024122863,1.0528863024122863,1.0528863024122865,1.2431455465406382
stiff,10076,152,1.0388575114771772,0.0,0.12511610006913543,0,1.038857511477051,1.038857511477051,1.0388575114770517,1.5756670094809813
stiff,10077,0,1.0569634035981554,0.0,0.06158400001004338,0,1.0569634035981554,1.0569634035981554,1.0569634035981545,1.1389707682917642
stiff,10078,0,1.0259805845908527,0.0,0.06566429999656975,0,1.0259805845908527,1.0259805845908527,1.0259805845908527,1.5441042056028984
stiff,10079,0,1.0540172570524362,0.0,0.07364700001198798,0,1.0540172570524362,1.0540172570524362,1.054017257052435,1.7156493037342382
stiff,10080,1,1.008137465422326,0.0,0.0965765001019463,0,1.008137465422326,1.008137465422326,1.0081374654223267,1.9308597010621047
stiff,10081,46,1.0377641662868555,0.0,0.0848816999932751,0,1.0377641662868111,1.0377641662868111,1.037764166286812,1.7211152869337525
stiff,10082,0,1.013613605802929,0.0,0.06085400003939867,0,1.013613605802929,1.013613605802929,1.0136136058029246,1.2640739345106624
stiff,10083,7,1.0416764977846356,0.0,0.08851479995064437,0,1.0416764977846302,1.0416764977846302,1.0416764977846302,1.5481019928020365
stiff,10084,47,1.0503770060222468,0.0,0.09910390002187341,0,1.0503770060222095,1.0503770060222095,1.0503770060222104,1.8833380529562467
stiff,10085,0,1.0172898199973002,0.0,0.07467190001625568,0,1.0172898199973002,1.0172898199973002,1.0172898199973004,1.2171646794555406
stiff,10086,66,1.0199821365891832,0.0,0.1109995999140665,0,1.0199821365891317,1.0199821365891317,1.0199821365891322,1.8608709574112554
stiff,10087,0,1.057200201114835,0.0,0.066751700011082,0,1.057200201114835,1.057200201114835,1.0572002011148365,1.946552603155607
stiff,10088,5,1.0284199296562644,0.0,0.08872639993205667,0,1.0284199296562608,1.0284199296562608,1.0284199296562602,1.3474582296062658
stiff,10089,75,1.0258502718499596,0.0,0.11345249996520579,0,1.0258502718498974,1.0258502718498974,1.025850271849898,1.3757687078093686
stiff,10090,1,1.0346865714334825,0.0,0.07943429995793849,0,1.0346865714334772,1.0346865714334772,1.034686571433477,1.4014169112032286
stiff,10091,0,1.0466901829927622,0.0,0.06436630000825971,0,1.0466901829927622,1.0466901829927622,1.046690182992763,1.3914569325270763
stiff,10092,85,1.0399272592005868,0.0,0.09477979992516339,0,1.0399272592005175,1.0399272592005175,1.0399272592005173,1.8183651093111002
stiff,10093,49,1.0401799038389985,0.0,0.0819976000348106,0,1.040179903838954,1.040179903838954,1.040179903838953,1.258567908660635
stiff,10094,0,1.050300331911723,0.0,0.060150799923576415,0,1.050300331911723,1.050300331911723,1.0503003319117228,1.5263484821627609
stiff,10095,0,1.0335156259479135,0.0,0.04458159999921918,0,1.0335156259479135,1.0335156259479135,1.0335156259479157,1.5551395871557396
stiff,10096,0,1.0394973725446786,0.0,0.06121439998969436,0,1.0394973725446786,1.0394973725446786,1.039497372544676,1.894028941433585
stiff,10097,195,1.035882392584055,0.0,0.11743530002422631,0,1.0358823925838898,1.0358823925838898,1.0358823925838898,1.209100081755201
stiff,10098,0,1.0525127084972006,0.0,0.05362670007161796,0,1.0525127084972006,1.0525127084972006,1.0525127084971997,1.1782792287087056
stiff,10099,0,1.032616976817442,0.0,0.06597809994127601,0,1.032616976817442,1.032616976817442,1.032616976817442,1.3484562482935145
