feeder,policy,reference,metric,diff,ci_lo,ci_hi,wilcoxon_p,wins,rrb
stiff,max-exp-cap,ppo,installed_final_mw,0.09929261170886061,0.094845097890372,0.10376122471368664,3.896559845095909e-18,100,1.0
stiff,max-exp-cap,ppo,energy_programme_gwh,0.7090985754524743,0.6668416827488757,0.7520965766223892,3.896559845095909e-18,100,1.0
stiff,max-exp-cap,ppo,energy_final_year_mwh,154.563932125726,147.6407057935924,161.52000252499454,3.896559845095909e-18,100,1.0
stiff,max-exp-cap,ppo,co2_programme_t,404.1861880079104,380.0997591668592,428.69504867476184,3.896559845095909e-18,100,1.0
stiff,max-exp-cap,ppo,budget_efficiency,0.037904806332679314,0.0361266936697906,0.039688318534429494,3.896559845095909e-18,100,1.0
stiff,max-exp-cap,ppo,energy_per_mw_offered_mwh,266.8223741422211,249.89246966597358,284.1188235702071,3.896559845095909e-18,100,1.0
stiff,max-exp-cap,rolling-lp,installed_final_mw,0.5058998414520764,0.4984963323128583,0.5132285663256512,3.896559845095909e-18,100,1.0
stiff,max-exp-cap,rolling-lp,energy_programme_gwh,2.445481330540836,2.3777878961837438,2.5106052774610803,3.896559845095909e-18,100,1.0
stiff,max-exp-cap,rolling-lp,energy_final_year_mwh,787.5094371159184,775.9847580447145,798.9177031936478,3.896559845095909e-18,100,1.0
stiff,max-exp-cap,rolling-lp,co2_programme_t,1393.9243584082762,1355.3391008247336,1431.0450081528156,3.896559845095909e-18,100,1.0
stiff,max-exp-cap,rolling-lp,budget_efficiency,-0.014076164619489032,-0.018960618309656226,-0.00905635125821286,1.5338204689520703e-06,26,-0.5536633663366337
stiff,max-exp-cap,rolling-lp,energy_per_mw_offered_mwh,-1478.7124463139667,-1559.3652797201128,-1397.2617828143302,3.896559845095909e-18,0,-1.0
stiff,ppo,rolling-lp,installed_final_mw,0.4066072297432158,0.3999676116677241,0.4131326040333539,3.896559845095909e-18,100,1.0
stiff,ppo,rolling-lp,energy_programme_gwh,1.7363827550883615,1.6667401950722973,1.8054252732815341,3.896559845095909e-18,100,1.0
stiff,ppo,rolling-lp,energy_final_year_mwh,632.9455049901926,622.609937621191,643.103234669347,3.896559845095909e-18,100,1.0
stiff,ppo,rolling-lp,co2_programme_t,989.738170400366,950.0419111912097,1029.092405770474,3.896559845095909e-18,100,1.0
stiff,ppo,rolling-lp,budget_efficiency,-0.05198097095216833,-0.0570564329076519,-0.046754213327244644,6.702409068617996e-18,3,-0.9928712871287129
stiff,ppo,rolling-lp,energy_per_mw_offered_mwh,-1745.5348204561878,-1829.3402981033128,-1660.5725619058787,3.896559845095909e-18,0,-1.0
stiff,max-exp-cap,accept-greedy,installed_final_mw,0.07877080423705833,0.0703388955003724,0.08738863014354357,6.12472726248735e-18,97,0.994059405940594
stiff,max-exp-cap,accept-greedy,energy_programme_gwh,0.695889604867987,0.605179144677472,0.7900814607125182,1.0104199612316775e-16,95,0.9564356435643564
stiff,max-exp-cap,accept-greedy,energy_final_year_mwh,122.61864231434109,109.49310409716932,136.0335886588579,6.12472726248735e-18,97,0.994059405940594
stiff,max-exp-cap,accept-greedy,co2_programme_t,396.6570747747524,344.95211246615895,450.34643260613535,1.0104199612316775e-16,95,0.9564356435643564
stiff,max-exp-cap,accept-greedy,budget_efficiency,0.03150832169797415,0.028135558202962492,0.03495545206091296,6.12472726248735e-18,97,0.994059405940594
stiff,max-exp-cap,accept-greedy,energy_per_mw_offered_mwh,278.35584197503033,242.071657895196,316.03258431661055,1.0104199612316775e-16,95,0.9564356435643564
stiff,max-exp-cap,peak-first,installed_final_mw,0.07860964474869245,0.07362905622750401,0.0835525915442833,3.896559845095909e-18,100,1.0
stiff,max-exp-cap,peak-first,energy_programme_gwh,1.2184950398453105,1.1629666512003742,1.272958716813973,3.896559845095909e-18,100,1.0
stiff,max-exp-cap,peak-first,energy_final_year_mwh,122.36777325376846,114.61473571264354,130.06221576933984,3.896559845095909e-18,100,1.0
stiff,max-exp-cap,peak-first,co2_programme_t,694.542172711827,662.8909911842131,725.5864685839645,3.896559845095909e-18,100,1.0
stiff,max-exp-cap,peak-first,budget_efficiency,0.03144385790262136,0.029451622493946755,0.033421036621055424,3.896559845095909e-18,100,1.0
stiff,max-exp-cap,peak-first,energy_per_mw_offered_mwh,487.39801598686404,465.18666052666845,509.1834867765077,3.896559845095909e-18,100,1.0
weak,residual,max-exp-cap-V,installed_final_mw,-0.06285909466070377,-0.07130516781026604,-0.05402639296297736,3.010681278678945e-16,10,-0.9413861386138613
weak,residual,max-exp-cap-V,energy_programme_gwh,-0.39510630982437994,-0.4510573574285596,-0.33752443145972333,8.576774246556675e-16,10,-0.9267326732673268
weak,residual,max-exp-cap-V,energy_final_year_mwh,-97.84966548276012,-110.99725274580479,-84.10023254713373,3.010681278678945e-16,10,-0.9413861386138613
weak,residual,max-exp-cap-V,co2_programme_t,-225.21059659989666,-257.1026937342791,-192.38892593204235,8.576774246556675e-16,10,-0.9267326732673268
weak,residual,max-exp-cap-V,budget_efficiency,-0.025143637866795868,-0.028522067126958615,-0.021610557187351984,3.010681278678945e-16,10,-0.9413861386138613
weak,residual,max-exp-cap-V,energy_per_mw_offered_mwh,-158.0425239455562,-180.42294298946615,-135.00977259739028,8.576774246556675e-16,10,-0.9267326732673268
weak,hybrid,max-exp-cap-V,installed_final_mw,-0.0795954924868751,-0.08901631821781072,-0.07008921075944499,4.095126545597987e-17,7,-0.9687128712871287
weak,hybrid,max-exp-cap-V,energy_programme_gwh,-0.5117519075577031,-0.6009991118493634,-0.4232062022398789,4.690843471216412e-14,17,-0.8685148514851485
weak,hybrid,max-exp-cap-V,energy_final_year_mwh,-123.90239401022063,-138.56733074402487,-109.10443212364235,4.095126545597987e-17,7,-0.9687128712871287
weak,hybrid,max-exp-cap-V,co2_programme_t,-291.69858730789053,-342.569493754137,-241.22753527673098,4.690843471216412e-14,17,-0.8685148514851485
weak,hybrid,max-exp-cap-V,budget_efficiency,-0.03183819699793387,-0.03560652729068495,-0.028035684306581564,4.095126545597987e-17,7,-0.9687128712871287
weak,hybrid,max-exp-cap-V,energy_per_mw_offered_mwh,-204.70076304355132,-240.39964476378526,-169.2824809128798,4.690843471216412e-14,17,-0.8685148514851485
weak,ppo,max-exp-cap-V,installed_final_mw,-0.08673064402624946,-0.09519691085653696,-0.07822935395564017,9.318997235593406e-18,5,-0.9885148514851485
weak,ppo,max-exp-cap-V,energy_programme_gwh,-0.7484349829461536,-0.8323415260061873,-0.6636676406916143,1.1485179010089616e-17,4,-0.9857425742574257
weak,ppo,max-exp-cap-V,energy_final_year_mwh,-135.0093339854959,-148.1883557595608,-121.77579325330565,9.318997235593406e-18,5,-0.9885148514851485
weak,ppo,max-exp-cap-V,co2_programme_t,-426.60794027930734,-474.4346698235267,-378.29055519422,1.1485179010089616e-17,4,-0.9857425742574257
weak,ppo,max-exp-cap-V,budget_efficiency,-0.03404929401200188,-0.03743939583450452,-0.030645839608573262,1.0192962404545369e-17,5,-0.9873267326732673
weak,ppo,max-exp-cap-V,energy_per_mw_offered_mwh,-293.4715690186905,-327.0356190976733,-259.51969716002543,1.4146791640488978e-17,4,-0.982970297029703
weak,max-exp-cap-V,max-exp-cap,installed_final_mw,-0.025046978031184795,-0.03286534345570067,-0.01706903649077665,7.551041748728437e-08,28,-0.6194059405940594
weak,max-exp-cap-V,max-exp-cap,energy_programme_gwh,-0.20184505325901023,-0.2790864156061415,-0.12231397361422756,1.5076693657085663e-06,31,-0.5540594059405941
weak,max-exp-cap-V,max-exp-cap,energy_final_year_mwh,-38.98940057814117,-51.15986605398438,-26.570530799891475,7.551041748728437e-08,28,-0.6194059405940594
weak,max-exp-cap-V,max-exp-cap,co2_programme_t,-115.05168035763582,-159.0792568955007,-69.71896496010973,1.5076693657085663e-06,31,-0.5540594059405941
weak,max-exp-cap-V,max-exp-cap,budget_efficiency,-0.010018791213475797,-0.013146137383594892,-0.006827614596993423,7.551041748728437e-08,28,-0.6194059405940594
weak,max-exp-cap-V,max-exp-cap,energy_per_mw_offered_mwh,-80.738021311678,-111.63456625362032,-48.92558945058368,1.5076693657085663e-06,31,-0.5540594059405941
weak,rolling-lp-V,max-exp-cap-V,installed_final_mw,-0.1600507064294927,-0.17160211719473625,-0.14834545983974315,3.896559845095909e-18,0,-1.0
weak,rolling-lp-V,max-exp-cap-V,energy_programme_gwh,-1.0697453358095248,-1.1690815535479748,-0.9715915773499505,3.896559845095909e-18,0,-1.0
weak,rolling-lp-V,max-exp-cap-V,energy_final_year_mwh,-249.14307418741254,-267.124588005486,-230.92209169661265,3.896559845095909e-18,0,-1.0
weak,rolling-lp-V,max-exp-cap-V,co2_programme_t,-609.754841411429,-666.3764855223457,-553.8071990894716,3.896559845095909e-18,0,-1.0
weak,rolling-lp-V,max-exp-cap-V,budget_efficiency,-0.06402028210416452,-0.06864084641085287,-0.05933818346631922,3.896559845095909e-18,0,-1.0
weak,rolling-lp-V,max-exp-cap-V,energy_per_mw_offered_mwh,-427.89812988822996,-467.63261699217077,-388.63662645819795,3.896559845095909e-18,0,-1.0
weak,residual,ppo,installed_final_mw,0.02387154936554568,0.01724195077281319,0.03056624243354455,1.0407851434822438e-09,79,0.7029702970297029
weak,residual,ppo,energy_programme_gwh,0.35332867312177363,0.2820849823107675,0.425003819328309,1.6409015596347118e-13,81,0.8495049504950495
weak,residual,ppo,energy_final_year_mwh,37.15966850273576,26.839697970462268,47.580968407695394,1.0407851434822438e-09,79,0.7029702970297029
weak,residual,ppo,co2_programme_t,201.39734367941077,160.78843991713734,242.25217701713584,1.6409015596347118e-13,81,0.8495049504950495
weak,residual,ppo,budget_efficiency,0.008905656145206008,0.006254020295711163,0.011583052628090989,9.743997296518106e-09,74,0.6605940594059406
weak,residual,ppo,energy_per_mw_offered_mwh,135.4290450731343,106.92602506896324,164.13401624843922,6.66687486184253e-13,81,0.8277227722772277
