feeder,belief,eta,reference,hedged,ref,diff,ci_lo,ci_hi,wilcoxon_p,wins,rrb
stiff,true,0.7,unhedged rule,0.9357501923251056,0.9859236417751097,-0.050173449450004355,-0.0519206721562489,-0.048407109834368696,3.896559845095909e-18,0,-1.0
stiff,true,0.7,PPO (true model),0.9357501923251056,0.9702740766407589,-0.034523884315653695,-0.0365885584592041,-0.032432690680108,3.896559845095909e-18,0,-1.0
stiff,pessimistic,0.7,unhedged rule,0.9357906987193887,0.9850040053839716,-0.04921330666458289,-0.0509842379883191,-0.04742583696944584,3.896559845095909e-18,0,-1.0
stiff,pessimistic,0.7,PPO (true model),0.9357906987193887,0.9702740766407589,-0.03448337792137045,-0.03654452031447646,-0.032396558487707026,3.896559845095909e-18,0,-1.0
stiff,optimistic,0.7,unhedged rule,0.9357106688296049,0.9857163838342572,-0.050005715004652396,-0.05174538856513276,-0.04827182216177379,3.896559845095909e-18,0,-1.0
stiff,optimistic,0.7,PPO (true model),0.9357106688296049,0.9702740766407589,-0.034563407811154204,-0.03662911948831202,-0.03247189521860943,3.896559845095909e-18,0,-1.0
stiff,class-errors,0.7,unhedged rule,0.9068394324284695,0.8609588862682014,0.04588054616026816,0.04303683860188911,0.04879279598968906,3.896559845095909e-18,100,1.0
stiff,class-errors,0.7,PPO (true model),0.9068394324284695,0.9702740766407589,-0.0634346442122897,-0.06651702098531331,-0.06027618983112489,3.896559845095909e-18,0,-1.0
stiff,class-errors,0.7,PPO (believed-trained),0.9068394324284695,0.9427149792699662,-0.03587554684149677,-0.0376268370423517,-0.034161865569701286,3.896559845095909e-18,0,-1.0
stiff,dispersion,0.7,unhedged rule,0.9357285262936024,0.985863392903785,-0.050134866610182446,-0.05187743400566502,-0.04837656520290814,3.896559845095909e-18,0,-1.0
stiff,dispersion,0.7,PPO (true model),0.9357285262936024,0.9702740766407589,-0.03454555034715661,-0.03661269960393894,-0.03245325265606132,3.896559845095909e-18,0,-1.0
weak,true,0.2,unhedged rule,1.0909298953225988,1.1070537600413355,-0.016123864718736815,-0.017497783908505492,-0.014722701408160618,3.896559845095909e-18,0,-1.0
weak,true,0.2,PPO (true model),1.0909298953225988,1.0948973611894666,-0.0039674658668679055,-0.007844259175373142,-4.057843715994408e-05,0.07378747656498581,44,-0.20594059405940593
weak,pessimistic,0.2,unhedged rule,1.09022745264437,1.0966973726058276,-0.006469919961457726,-0.00827904860203633,-0.004710715057401559,4.856122648755628e-09,24,-0.6740594059405941
weak,pessimistic,0.2,PPO (true model),1.09022745264437,1.0948973611894666,-0.004669908545096682,-0.009160439627324714,-0.00013175673239822436,0.060945996147306315,44,-0.21584158415841584
weak,optimistic,0.2,unhedged rule,1.0909298953225988,1.1078390412885466,-0.016909145965948127,-0.018082406480018094,-0.015734235740776384,3.896559845095909e-18,0,-1.0
weak,optimistic,0.2,PPO (true model),1.0909298953225988,1.0948973611894666,-0.0039674658668679055,-0.007844259175373142,-4.057843715994408e-05,0.07378747656498581,44,-0.20594059405940593
weak,class-errors,0.2,unhedged rule,1.0469063568605679,1.0461777498338494,0.0007286070267180422,-0.0022245446815632006,0.003747207119955443,0.5269610710548687,54,0.07287128712871287
weak,class-errors,0.2,PPO (true model),1.0469063568605679,1.0948973611894666,-0.04799100432889892,-0.054609029237813425,-0.041347178842444564,2.8782421504419467e-17,8,-0.9734653465346534
weak,class-errors,0.2,PPO (believed-trained),1.0469063568605679,1.0482198914503345,-0.0013135345897666317,-0.005722809667527341,0.0030669433767465,0.44323228641200085,42,-0.08831683168316831
weak,dispersion,0.2,unhedged rule,1.0910056492825817,1.1077995215523553,-0.016793872269773545,-0.01801241172639674,-0.015581727316239514,3.896559845095909e-18,0,-1.0
weak,dispersion,0.2,PPO (true model),1.0910056492825817,1.0948973611894666,-0.0038917119068850427,-0.007827318371560602,8.847701182698125e-05,0.07546728203192894,43,-0.20475247524752474
