family,return_mean,peak_term,v_term,installed_mw
residual,1.1146219425439516,0.9736057967106181,0.14101549479166667,1.4139575187775089
hybrid,1.111300723763095,0.9731336664714283,0.13816640624999998,1.3972211209513374
max-exp-cap-V,1.1070537600413355,0.9743727704580023,0.13268033854166666,1.4768166134382126
ppo,1.0948973611894666,0.9623646788978,0.13253203125,1.3900859694119632
max-exp-cap,1.0875733813584432,0.9837875740667763,0.10378515625000001,1.5018635914693974
rolling-lp-V,1.0842172474682692,0.9615264922599358,0.12269010416666665,1.3167659070087199
ppo-nominal,1.078744349801175,0.9678713029261751,0.1108723958333333,1.4049024025454144
accept-greedy,1.0618226997467808,0.9665186632884474,0.09530338541666666,1.4230927872323391
peak-first,1.043118097758501,0.9291220040085011,0.11399544270833331,1.423253946720705
rolling-lp,1.0231556014863599,0.9503808619030265,0.07277473958333332,0.995963750017321
random,1.0078559470557282,0.8898839418473949,0.11797135416666665,1.2470817261297666
