policy,reference,mean,ref,diff,ci_lo,ci_hi,wilcoxon_p,wins,n
residual,max-exp-cap-V,1.1146219425439516,1.1070537600413355,0.007568182502615941,0.005423395219359391,0.009746551687013487,1.4881766911541784e-08,74,100
residual,rolling-lp-V,1.1146219425439516,1.0842172474682692,0.03040469507568234,0.025473511098315603,0.03551793651318865,2.0366656656333666e-15,87,100
residual,ppo,1.1146219425439516,1.0948973611894666,0.01972458135448485,0.015901065977982094,0.02350706421202838,1.5990843776221757e-13,85,100
residual,hybrid,1.1146219425439516,1.1113007237630947,0.003321218780856585,-0.00098946918292802,0.007569405489207491,0.13654144965238735,60,100
hybrid,max-exp-cap-V,1.1113007237630947,1.1070537600413355,0.004246963721759356,-0.0005118503981152686,0.009074488399947758,0.11691004377816781,56,100
hybrid,rolling-lp-V,1.1113007237630947,1.0842172474682692,0.027083476294825753,0.022354856458830865,0.03177208562300268,4.782479999455785e-15,89,100
hybrid,ppo,1.1113007237630947,1.0948973611894666,0.016403362573628264,0.014634561082400051,0.018158539112542962,6.12472726248735e-18,98,100
ppo,max-exp-cap-V,1.0948973611894666,1.1070537600413355,-0.012156398851868908,-0.016460355839665982,-0.007851784450063092,4.725246164325415e-07,25,100
ppo,rolling-lp-V,1.0948973611894666,1.0842172474682692,0.010680113721197489,0.006489361771695575,0.014823595711104831,1.6428528082270905e-06,70,100
ppo,hybrid,1.0948973611894666,1.1113007237630947,-0.016403362573628264,-0.018158539112542962,-0.014634561082400051,6.12472726248735e-18,2,100
