setting,policy,reference,diff,ci_lo,ci_hi,wilcoxon_p,wins,rrb,diff_peak_term,diff_v_term
weak,rollout,rule-V,0.003577050575644971,0.00047603252744916224,0.006703565502335899,0.0062671165122432345,64,0.31485148514851485,0.003352441200644961,0.0002246093749999968
weak,residual,rollout,0.003991131926970977,0.0009048153552501979,0.0069844003978523925,0.01073412940610968,60,0.29386138613861384,-0.004119414948029062,0.008110546874999996
weak,rollout,rule,0.02305742925853746,0.019736169906585298,0.026617465604002362,2.1365801836383434e-16,94,0.9461386138613861,-0.006062362408129157,0.029119791666666672
weak,rollout,ppo,0.015733449427513882,0.012101065725546254,0.019496610091677833,2.0177434491871465e-11,78,0.7722772277227723,0.01536053276084723,0.00037291666666666777
weak,rollout,lp-v,0.026413563148711364,0.02126771856490817,0.03180755818700816,5.493717497178969e-14,85,0.8661386138613861,0.01619871939871139,0.010214843750000003
weak,residual,rule-V,0.007568182502615948,0.005423395219359397,0.009746551687013497,1.4881766911541784e-08,74,0.6522772277227723,-0.000766973747384101,0.008335156249999996
weak-oltc102,rollout,rule-V,0.005467871470446666,-0.002241521773164038,0.01332008121578705,0.13836211293602899,56,0.1706930693069307,0.039388444387113336,-0.03392057291666667
weak-oltc102,residual,rollout,0.002885939377020006,-0.0035291142045701216,0.009217131838228719,0.4310615640798099,53,0.09069306930693069,-0.025633157845202214,0.02851909722222223
weak-oltc102,rollout,rule,0.058797221437260704,0.05227999405946991,0.06528136121129344,1.5932071996658114e-17,96,0.9813861386138614,-0.04524574731273932,0.10404296875
weak-oltc102,rollout,ppo,0.023916972124748304,0.018524562538674644,0.029286250945948677,4.059304369484221e-12,83,0.7988118811881189,-0.0010164046113628378,0.024933376736111117
weak-oltc102,rollout,lp-v,0.04832083325105237,0.041718945203959724,0.055094224118207,1.1020511023218772e-16,94,0.9552475247524752,-0.026552864665614347,0.07487369791666666
weak-oltc102,residual,rule-V,0.008353810847466671,0.0020639586807190166,0.015005432332899221,0.02202570264893562,59,0.2637623762376238,0.01375528654191112,-0.005401475694444442
