case,feeder,policy,reference,diff,ci_lo,ci_hi,wilcoxon_p,wins,rrb
class-errors,stiff,max-exp-cap (believed),ppo,-0.10931519037255785,-0.11463943566633769,-0.10398216408380828,3.896559845095909e-18,0,-1.0
class-errors,stiff,accept-greedy (believed),ppo,-0.12621020286304352,-0.13430674854561056,-0.11814455069979739,3.896559845095909e-18,0,-1.0
class-errors,stiff,accept-greedy (believed),accept-greedy (true model),-0.12458434680239847,-0.13346059741467936,-0.11564157991607163,4.139373908714419e-18,1,-0.9992079207920792
class-errors,stiff,max-exp-cap (believed),max-exp-cap (true model),-0.12496475550690851,-0.13008991323402133,-0.11982685833973633,3.896559845095909e-18,0,-1.0
class-errors,weak,residual (believed),max-exp-cap-V (believed),0.03472672237509656,0.028371668194761262,0.04134656688800936,6.777516682777735e-14,79,0.862970297029703
class-errors,weak,max-exp-cap-V (believed),ppo,-0.04871961135561697,-0.0570661362202067,-0.040446893514269645,3.537195355033052e-15,13,-0.9065346534653466
class-errors,weak,residual (believed),ppo,-0.013992888980520413,-0.01941747772063284,-0.008532387948164905,1.2224267823489157e-05,33,-0.5037623762376238
class-errors,weak,rolling-lp-V (believed),max-exp-cap-V (believed),-0.02385106069683612,-0.029812551535819222,-0.018030193878878085,3.8833751486923826e-11,20,-0.7611881188118812
class-errors,weak,max-exp-cap (believed),max-exp-cap (true model),-0.0976685315485752,-0.10401246907041256,-0.09129938629841278,3.896559845095909e-18,0,-1.0
class-errors,weak,max-exp-cap-V (believed),max-exp-cap-V (true model),-0.06087601020748589,-0.06881826923955817,-0.053179548056191454,1.7939298766693858e-17,4,-0.9798019801980198
class-errors,weak,residual (believed),residual (true model),-0.03371747033500528,-0.03785435127356515,-0.029603795566846225,2.0195637546078604e-17,7,-0.9782178217821782
class-errors,weak,rolling-lp-V (believed),rolling-lp-V (true model),-0.06189055833125562,-0.07154088115268419,-0.05253092980214307,3.67462457090672e-16,12,-0.9386138613861386
dispersion,stiff,max-exp-cap (believed),ppo,0.015589316263025817,0.014238111909585417,0.016931150177038994,4.139373908714419e-18,99,0.9992079207920792
dispersion,stiff,accept-greedy (believed),ppo,-0.0016258560606450445,-0.005590050813293934,0.0020118185968534754,0.8906095152877423,51,-0.015841584158415842
dispersion,stiff,accept-greedy (believed),accept-greedy (true model),0.0,0.0,0.0,1.0,0,0.0
dispersion,stiff,max-exp-cap (believed),max-exp-cap (true model),-6.024887132483836e-05,-0.0001335649664859662,1.4307245490901203e-05,0.06483698513130025,44,-0.21267326732673267
dispersion,weak,residual (believed),max-exp-cap-V (believed),0.007082029459612853,0.00499283260871467,0.009159633419876129,4.490847904151786e-08,71,0.6300990099009901
dispersion,weak,max-exp-cap-V (believed),ppo,0.012902160362888503,0.008775880409753646,0.01709069192391311,5.663420665004516e-08,77,0.6253465346534653
dispersion,weak,residual (believed),ppo,0.019984189822501358,0.016170150256492183,0.023750436230388815,1.142002299734202e-13,86,0.855049504950495
dispersion,weak,rolling-lp-V (believed),max-exp-cap-V (believed),-0.023582274084085978,-0.029032418611239272,-0.01835168968230474,4.159221788308028e-12,20,-0.7984158415841585
dispersion,weak,max-exp-cap (believed),max-exp-cap (true model),8.818862867518762e-05,-2.6833369326255073e-05,0.00020688859823617416,0.19136101989144993,54,0.1504950495049505
dispersion,weak,max-exp-cap-V (believed),max-exp-cap-V (true model),0.0007457615110195914,0.0001799318263963696,0.0013211608262761608,0.022225841007635964,62,0.2633663366336634
dispersion,weak,residual (believed),residual (true model),0.00025960846801649674,-0.0003353239597065052,0.0008626298397533375,0.38061003668382276,54,0.100990099009901
dispersion,weak,rolling-lp-V (believed),rolling-lp-V (true model),1.1102230246251566e-17,-6.661338147750939e-18,2.886579864025407e-17,1.0,10,0.3333333333333333
optimistic,stiff,max-exp-cap (believed),ppo,0.015442307193498196,0.014116557575724718,0.016763169677585562,4.0161556854627e-18,99,0.9996039603960396
optimistic,stiff,accept-greedy (believed),ppo,0.013641290307809077,0.010098087040520561,0.016985266762944335,7.074751092493396e-11,79,0.7508910891089109
optimistic,stiff,accept-greedy (believed),accept-greedy (true model),0.015267146368454117,0.013472976544564936,0.01709364360831722,8.023842397878198e-18,94,0.9904950495049505
optimistic,stiff,max-exp-cap (believed),max-exp-cap (true model),-0.00020725794085245885,-0.00034202702059932743,-7.406698737081292e-05,0.001352884762170484,39,-0.3691089108910891
optimistic,weak,residual (believed),max-exp-cap-V (believed),0.006957639487945913,0.0048675071287243715,0.008999141935238325,4.5787998534290124e-08,71,0.6297029702970297
optimistic,weak,max-exp-cap-V (believed),ppo,0.012941680099080234,0.008848514747259721,0.017092777328456613,4.668420678844066e-08,76,0.6293069306930693
optimistic,weak,residual (believed),ppo,0.01989931958702615,0.01611780255628892,0.023601698402166207,9.035425550265615e-14,85,0.8586138613861386
optimistic,weak,rolling-lp-V (believed),max-exp-cap-V (believed),0.0010241329270852194,-0.004421970349920642,0.00639808067613493,0.8392435483441993,50,0.023366336633663366
optimistic,weak,max-exp-cap (believed),max-exp-cap (true model),3.297643414755358e-05,-0.00017058883698662573,0.0002398676343320125,0.9287668478981905,48,0.010297029702970298
optimistic,weak,max-exp-cap-V (believed),max-exp-cap-V (true model),0.0007852812472113225,-5.872779595306626e-05,0.0016300159286935195,0.12771420216827659,58,0.17544554455445543
optimistic,weak,residual (believed),residual (true model),0.00017473823254128716,-0.0005786526629966308,0.0009215737504807541,0.6723580402630482,50,0.048712871287128715
optimistic,weak,rolling-lp-V (believed),rolling-lp-V (true model),0.024645926747362944,0.020975180379543153,0.028541171428633598,2.198665592591444e-16,94,0.9457425742574257
pessimistic,stiff,max-exp-cap (believed),ppo,0.014729928743212425,0.01337508492763463,0.01607228031924404,4.3971135541818935e-18,99,0.9984158415841584
pessimistic,stiff,accept-greedy (believed),ppo,-0.028541817796165228,-0.03345770216729603,-0.02415829777501415,1.6412062569258175e-17,4,-0.980990099009901
pessimistic,stiff,accept-greedy (believed),accept-greedy (true model),-0.026915961735520185,-0.02853533780401354,-0.02540535540084529,3.896559845095909e-18,0,-1.0
pessimistic,stiff,max-exp-cap (believed),max-exp-cap (true model),-0.0009196363911382266,-0.00107563512543275,-0.0007708774261276357,4.095126545597987e-17,5,-0.9687128712871287
pessimistic,weak,residual (believed),max-exp-cap-V (believed),0.008260785231985108,0.006041655822923677,0.010559513878204814,3.2715597182889192e-09,75,0.6815841584158416
pessimistic,weak,max-exp-cap-V (believed),ppo,0.0018000114163610314,-0.0029805976629748415,0.0064838020783490324,0.2943212430119939,58,0.12079207920792079
pessimistic,weak,residual (believed),ppo,0.01006079664834614,0.006261982027319985,0.013909494688069835,2.1951641838470253e-06,71,0.5453465346534654
pessimistic,weak,rolling-lp-V (believed),max-exp-cap-V (believed),-0.08442485448572647,-0.09036392134803489,-0.07857315562545548,3.896559845095909e-18,0,-1.0
pessimistic,weak,max-exp-cap (believed),max-exp-cap (true model),-0.001987344724471534,-0.0022306221682362433,-0.001752959062314821,5.94331234302936e-18,2,-0.9944554455445545
pessimistic,weak,max-exp-cap-V (believed),max-exp-cap-V (true model),-0.010356387435507881,-0.012015149454792713,-0.00870848814841639,3.8895150867593465e-16,9,-0.9378217821782178
pessimistic,weak,residual (believed),residual (true model),-0.00966378470613872,-0.011293140044382184,-0.008072048694239792,2.2752519601792896e-15,13,-0.9128712871287129
pessimistic,weak,rolling-lp-V (believed),rolling-lp-V (true model),-0.07194472934816795,-0.07627382877865566,-0.06764458143410346,3.896559845095909e-18,0,-1.0
