setting,policy,reference,uv_share_nopv,uv_bh_nopv,ref_return,diff,ci_lo,ci_hi,wilcoxon_p,wins,rrb,diff_uv_bh,diff_peak_kw,pol_peak_term,ref_peak_term,diff_peak_term,diff_v_term
none,max-exp-cap-V retuned,max-exp-cap,0.34368684895833324,24283.537999999993,1.0875733813584432,0.019480378682892492,0.015326024498762964,0.023708422555288773,1.7205222109437397e-12,83,0.8126732673267326,408.32360000000006,-0.19139970776519077,0.9743727704580017,0.983787574066776,-0.009414803608774119,0.028895182291666675
none,residual,max-exp-cap-V retuned,0.34368684895833324,24283.537999999993,1.1070537600413355,0.007568182502615948,0.005423395219359397,0.009746551687013497,1.4881766911541784e-08,74,0.6522772277227723,117.78575999999995,-0.6249372617470533,0.9736057967106179,0.9743727704580017,-0.000766973747384101,0.008335156249999996
none,ppo,max-exp-cap-V retuned,0.34368684895833324,24283.537999999993,1.1070537600413355,-0.012156398851868913,-0.016460355839665985,-0.007851784450063107,4.725246164325415e-07,25,-0.5801980198019802,-2.095760000000048,-0.8040059391816312,0.9623646788977994,0.9743727704580017,-0.01200809156020227,-0.000148307291666671
none,rolling-lp-V,max-exp-cap-V retuned,0.34368684895833324,24283.537999999993,1.1070537600413355,-0.0228365125730664,-0.02821736359760671,-0.017499691754836358,1.836214434377775e-11,23,-0.7738613861386139,-141.17400000000006,-1.6330545662722213,0.9615264922599353,0.9743727704580017,-0.012846278198066425,-0.009990234375000004
1.01,max-exp-cap-V retuned,max-exp-cap,0.2540315104166667,17948.850400000003,1.078255021983443,0.020823779269919695,0.0167688990328221,0.024896336374383068,3.1168829717607495e-13,83,0.8396039603960396,427.11920000000015,-0.22000511572623116,0.974386092920029,0.983787574066776,-0.009401481146747008,0.030225260416666674
1.01,residual,max-exp-cap-V retuned,0.2540315104166667,17948.850400000003,1.0990788012533628,0.007568315195118671,0.005379628636283265,0.009811620424717652,4.852791845918932e-08,69,0.6285148514851485,117.83359999999998,-0.594263779634871,0.9736158664484811,0.974386092920029,-0.0007702264715479479,0.008338541666666668
1.01,ppo,max-exp-cap-V retuned,0.2540315104166667,17948.850400000003,1.0990788012533628,-0.011929877563896121,-0.01622203095393206,-0.007573876130572223,6.068971053695422e-07,23,-0.5746534653465346,1.2935199999999758,-0.7754005312205908,0.9623646788977994,0.974386092920029,-0.012021414022229377,9.153645833333099e-05
1.01,rolling-lp-V,max-exp-cap-V retuned,0.2540315104166667,17948.850400000003,1.0990788012533628,-0.020994632424238012,-0.026695719207691516,-0.015330801073577597,1.1101394142242552e-09,23,-0.7017821782178217,-125.2212,-1.600471294537078,0.9622527886207912,0.974386092920029,-0.012133304299237965,-0.008861328125000002
1.02,max-exp-cap-V retuned,max-exp-cap,0.15487669270833332,10942.967599999998,1.1064158292751096,0.05332934996681403,0.04510665124355029,0.06135828701105408,4.743781498021361e-16,89,0.9350495049504951,1949.5904000000003,-1.1145933442437117,0.8991533823669232,0.983787574066776,-0.08463419169985267,0.13796354166666666
1.02,residual,max-exp-cap-V retuned,0.15487669270833332,10942.967599999998,1.1597451792419238,-0.0029581821717550704,-0.010929988258382024,0.005036048010174423,0.4981839177712257,49,-0.07801980198019802,-1089.2266399999999,0.3377974865183675,0.973274757486835,0.8991533823669232,0.07412137511991163,-0.07707955729166667
1.02,residual-rt,max-exp-cap-V retuned,0.15487669270833332,10942.967599999998,1.1597451792419238,0.008353810847466671,0.0020639586807190166,0.015005432332899221,0.02202570264893562,59,0.2637623762376238,-76.32933333333325,-1.207287900083338,0.9129086689088344,0.8991533823669232,0.01375528654191112,-0.005401475694444442
1.02,ppo,max-exp-cap-V retuned,0.15487669270833332,10942.967599999998,1.1597451792419238,-0.026904849302457096,-0.03468880288843824,-0.018916150292048295,8.149510834101045e-08,32,-0.6178217821782178,-1273.44928,0.11918769729688972,0.9623646788977994,0.8991533823669232,0.06321129653087627,-0.09011614583333333
1.02,ppo-rt,max-exp-cap-V retuned,0.15487669270833332,10942.967599999998,1.1597451792419238,-0.018449100654301644,-0.025396835056668864,-0.011276563652207026,9.042931792052953e-06,37,-0.5112871287128713,-831.6769333333337,-0.4319086401858191,0.9395582313653995,0.8991533823669232,0.04040484899847618,-0.05885394965277779
1.02,residual-rt,ppo-rt,0.15487669270833332,10942.967599999998,1.141296078587622,0.026802911501768313,0.021904854294826394,0.031871752936016746,1.080934894775585e-14,89,0.8902970297029703,755.3476000000003,-0.775379259897519,0.9129086689088344,0.9395582313653995,-0.02664956245656505,0.053452473958333344
1.02,rolling-lp-V,max-exp-cap-V retuned,0.15487669270833332,10942.967599999998,1.1597451792419238,-0.042852961780605714,-0.051304338055134256,-0.03441956395352635,1.405205713543345e-13,15,-0.8518811881188119,-1537.3936000000003,-0.423253267344037,0.9650946914196511,0.8991533823669232,0.06594130905272769,-0.10879427083333335
1.02,residual-rt,residual,0.15487669270833332,10942.967599999998,1.1567869970701687,0.011311993019221742,0.0053038853423927395,0.017287742054914707,0.00046488358494524537,66,0.4031683168316832,1012.897306666667,-1.5450853866017056,0.9129086689088344,0.973274757486835,-0.060366088578000514,0.07167808159722223
1.03,max-exp-cap-V retuned,max-exp-cap,0.06009570312499999,4246.121999999999,1.1113377042751096,0.03403507426251527,0.03128886663109675,0.03674753687744985,3.896559845095909e-18,100,1.0,549.6999999999999,-0.17878980167377323,0.978922908745958,0.983787574066776,-0.004864665320818064,0.03889973958333334
1.03,residual,max-exp-cap-V retuned,0.06009570312499999,4246.121999999999,1.145372778537625,0.0029608610832883866,0.0008860480706501413,0.005104557630904031,0.017183434164736427,61,0.2744554455445545,136.26672000000002,-0.5657000816800883,0.9722408010792463,0.978922908745958,-0.006682107666711596,0.009642968750000001
1.03,ppo,max-exp-cap-V retuned,0.06009570312499999,4246.121999999999,1.145372778537625,-0.011827240264825005,-0.015264311013199269,-0.008359787086629447,1.678021038842044e-08,26,-0.6499009900990099,66.85456000000005,-0.8166158452730488,0.9623646788977994,0.978922908745958,-0.016558229848158326,0.004730989583333335
1.03,rolling-lp-V,max-exp-cap-V retuned,0.06009570312499999,4246.121999999999,1.145372778537625,-0.021572476895085447,-0.027025436670670287,-0.016357179325062195,8.116041088360096e-11,22,-0.7485148514851485,-116.242,-1.234729183962719,0.9655763433092056,0.978922908745958,-0.013346565436752122,-0.008225911458333332
1.04,max-exp-cap-V retuned,max-exp-cap,0.01186458333333333,838.3039999999997,1.032092912608443,0.0023344378640193166,0.0016617869874265717,0.003084701124397063,3.25569043270579e-12,63,0.9864314789687924,35.22680000000001,-0.047877576680782075,0.9836291733891285,0.983787574066776,-0.0001584006776473512,0.0024928385416666684
1.04,residual,max-exp-cap-V retuned,0.01186458333333333,838.3039999999997,1.0344273504724624,-0.009099132406136539,-0.010692268094125433,-0.00750848918319048,3.1686412518635367e-15,8,-0.9081188118811881,6.340639999999996,-0.810524421840762,0.9740813430663253,0.9836291733891285,-0.009547830322803175,0.000448697916666666
1.04,ppo,max-exp-cap-V retuned,0.01186458333333333,838.3039999999997,1.0344273504724624,-0.020748478866329075,-0.022280335875847074,-0.01917855389055052,3.896559845095909e-18,0,-1.0,7.291919999999996,-0.9475280702660399,0.9623646788977994,0.9836291733891285,-0.021264494491329042,0.0005160156249999994
1.04,rolling-lp-V,max-exp-cap-V retuned,0.01186458333333333,838.3039999999997,1.0344273504724624,-0.026901301182650546,-0.029837575396258944,-0.02389645977227972,9.044445868078014e-18,3,-0.9889108910891089,-28.188799999999972,-9.98553940858,0.9587226638731446,0.9836291733891285,-0.024906509515983836,-0.0019947916666666655
1.05,max-exp-cap-V retuned,max-exp-cap,0.00043294270833333135,30.58999999999986,0.9859236417751097,0.0,0.0,0.0,1.0,0,0.0,0.0,0.0,0.983787574066776,0.983787574066776,0.0,0.0
1.05,residual,max-exp-cap-V retuned,0.00043294270833333135,30.58999999999986,0.9859236417751097,-0.00969009055030602,-0.01129188163394696,-0.00808887967346183,1.234309221920007e-15,7,-0.9215841584158416,0.027600000000008233,-0.8592614892612616,0.9740955303914699,0.983787574066776,-0.009692043675305987,1.953125000000548e-06
1.05,ppo,max-exp-cap-V retuned,0.00043294270833333135,30.58999999999986,0.9859236417751097,-0.02142068162730975,-0.022961261430341773,-0.019855851844928277,3.896559845095909e-18,0,-1.0,0.03128000000000847,-0.9954056469468221,0.9623646788977994,0.983787574066776,-0.021422895168976393,2.2135416666672555e-06
1.05,rolling-lp-V,max-exp-cap-V retuned,0.00043294270833333135,30.58999999999986,0.9859236417751097,-0.033210454848426545,-0.03695233734971406,-0.029428070076083016,7.333806979251821e-18,4,-0.9916831683168317,-1.0948000000000155,-21.542387388979247,0.9506545931766829,0.983787574066776,-0.03313298089009322,-7.747395833333446e-05
