scenario_seed,policy,v_term_lin,v_term_dss,viol_net_share_lin,viol_net_share_dss,return_lin
10000,max-exp-cap-V,0.13723958333333336,0.11816406250000003,0.313359375,0.3469270833333334,1.0854317590421685
10000,residual-s0,0.1418619791666667,0.12734375,0.31243489583333334,0.34509114583333333,1.101194752736557
10000,ppo-s0,0.1357421875,0.12096354166666667,0.31365885416666667,0.34636718749999995,1.0701173584333867
10000,rolling-lp-V,0.13717447916666672,0.11914062499999997,0.3133723958333333,0.34673177083333334,1.1102190752658403
10000,max-exp-cap,0.11406250000000004,0.08606770833333327,0.31799479166666667,0.35334635416666665,1.0784872319857832
10001,max-exp-cap-V,0.13645833333333338,0.1166015625,0.3124869791666667,0.34563802083333334,1.069233228222619
10001,residual-s0,0.14427083333333338,0.12864583333333338,0.31092447916666666,0.3432291666666667,1.0831905130173374
10001,ppo-s0,0.1473307291666667,0.13509114583333334,0.3103125,0.3419401041666667,1.1020781920881395
10001,rolling-lp-V,0.12903645833333335,0.11458333333333337,0.31397135416666666,0.34604166666666664,1.0816125420255593
10001,max-exp-cap,0.11523437500000003,0.09212239583333337,0.3167317708333333,0.3505338541666666,1.0982826572158269
10002,max-exp-cap-V,0.13730468750000002,0.12526041666666662,0.3086197916666667,0.3401953125,1.1174283433922383
10002,residual-s0,0.13671875000000003,0.12558593749999997,0.30873697916666665,0.34013020833333335,1.1233317573942783
10002,ppo-s0,0.13736979166666669,0.1309244791666666,0.30860677083333327,0.33906250000000004,1.1230386203781983
10002,rolling-lp-V,0.12233072916666671,0.11419270833333325,0.31161458333333336,0.34240885416666667,1.108322178527503
10002,max-exp-cap,0.10904947916666671,0.0909505208333333,0.3142708333333333,0.34705729166666666,1.1221662008930822
10003,max-exp-cap-V,0.135546875,0.112890625,0.3153255208333333,0.3480078125,1.11231120635778
10003,residual-s0,0.1444010416666667,0.12343750000000003,0.3135546875,0.3458984375,1.116160694855579
10003,ppo-s0,0.12773437500000007,0.10729166666666665,0.31688802083333334,0.34912760416666666,1.071974880996826
10003,rolling-lp-V,0.11940104166666671,0.09739583333333332,0.31855468749999993,0.3511067708333333,1.0625768314843973
10003,max-exp-cap,0.0993489583333334,0.073828125,0.32256510416666667,0.3558203125,1.0664305538522194
10004,max-exp-cap-V,0.13138020833333336,0.10227864583333338,0.31998697916666663,0.35261718749999993,1.0903818017231313
10004,residual-s0,0.13860677083333334,0.10989583333333336,0.31854166666666667,0.35109375,1.106456496736837
10004,ppo-s0,0.13723958333333336,0.11419270833333334,0.3188151041666667,0.35023437500000004,1.1164330811155123
10004,rolling-lp-V,0.12128906250000007,0.09550781250000001,0.32200520833333335,0.3539713541666667,1.0977579580354446
10004,max-exp-cap,0.09934895833333338,0.07317708333333334,0.3263932291666667,0.3584375000000001,1.0854027263117518
10005,max-exp-cap-V,0.14524739583333332,0.12089843750000004,0.31363281249999997,0.3470182291666666,1.1218511434072167
10005,residual-s0,0.15104166666666663,0.12877604166666667,0.31247395833333336,0.3454427083333333,1.1281044923789438
10005,ppo-s0,0.1340494791666666,0.11093750000000002,0.3158723958333334,0.34901041666666666,1.0735288941689571
10005,rolling-lp-V,0.133984375,0.11191406250000002,0.3158854166666666,0.3488151041666667,1.0900805163167395
10005,max-exp-cap,0.10677083333333334,0.07884114583333338,0.321328125,0.3554296875,1.063619702399784
10006,max-exp-cap-V,0.14492187500000003,0.12910156249999996,0.3035546875,0.335859375,1.1183550846205619
10006,residual-s0,0.15013020833333335,0.13437499999999997,0.30251302083333337,0.33480468750000003,1.1276164729449316
10006,ppo-s0,0.13860677083333334,0.1274739583333333,0.3048177083333334,0.33618489583333333,1.093960162362888
10006,rolling-lp-V,0.12695312500000003,0.11471354166666661,0.30714843750000004,0.3387369791666667,1.095365847587501
10006,max-exp-cap,0.11777343750000008,0.09576822916666664,0.3089843749999999,0.34252604166666667,1.103285850971489
10007,max-exp-cap-V,0.14316406250000002,0.11699218749999993,0.31875,0.35216145833333334,1.1333684487795637
10007,residual-s0,0.14257812499999997,0.11966145833333328,0.31886718750000004,0.35162760416666666,1.1299800216340627
10007,ppo-s0,0.13157552083333332,0.10481770833333331,0.3210677083333333,0.3545963541666667,1.0899694723143116
10007,rolling-lp-V,0.12057291666666661,0.09518229166666661,0.32326822916666664,0.3565234375,1.0839287014648407
10007,max-exp-cap,0.10247395833333328,0.07545572916666668,0.32688802083333335,0.36046875,1.0850200621778854
10008,max-exp-cap-V,0.11386718750000002,0.08444010416666667,0.33264322916666667,0.3658854166666667,1.0897109970936147
10008,residual-s0,0.1378255208333333,0.10273437500000002,0.32785156249999997,0.36222656249999996,1.1215990974128414
10008,ppo-s0,0.14088541666666674,0.10690104166666672,0.3272395833333333,0.3613932291666666,1.144387774143109
10008,rolling-lp-V,0.10175781250000004,0.07239583333333333,0.3350651041666667,0.3682942708333333,1.0446243211024673
10008,max-exp-cap,0.09270833333333334,0.06562499999999999,0.336875,0.36964843750000004,1.0964565905270234
10009,max-exp-cap-V,0.1266276041666667,0.107421875,0.3156640625,0.3471354166666667,1.1189240829498748
10009,residual-s0,0.12584635416666665,0.10820312499999996,0.3158203125,0.34697916666666667,1.110068288430487
10009,ppo-s0,0.1233723958333334,0.11139322916666664,0.31631510416666664,0.34634114583333336,1.0987605908237277
10009,rolling-lp-V,0.10852864583333335,0.09134114583333333,0.3192838541666667,0.3503515625,1.0666409401069923
10009,max-exp-cap,0.10273437500000002,0.0826171875,0.3204427083333333,0.3520963541666667,1.1027429938767943
10010,max-exp-cap-V,0.1500651041666666,0.12975260416666662,0.30812500000000004,0.34196614583333335,1.1342662908059011
10010,residual-s0,0.15540364583333327,0.133203125,0.3070572916666666,0.34127604166666664,1.1374565693023446
10010,ppo-s0,0.14192708333333326,0.12174479166666666,0.30975260416666667,0.3435677083333334,1.1025671379975899
10010,rolling-lp-V,0.12760416666666666,0.10429687499999996,0.3126171875,0.34705729166666666,1.0740176939686394
10010,max-exp-cap,0.12005208333333325,0.0923177083333333,0.3141276041666667,0.349453125,1.1144385389634337
10011,max-exp-cap-V,0.1501953125,0.13001302083333333,0.31361979166666665,0.3462369791666667,1.163885439813822
10011,residual-s0,0.15729166666666664,0.1396484375,0.31220052083333333,0.3443098958333334,1.179891952579656
10011,ppo-s0,0.14082031250000002,0.12513020833333327,0.31549479166666666,0.3472135416666667,1.1371215573449964
10011,rolling-lp-V,0.1294270833333334,0.10924479166666667,0.3177734374999999,0.350390625,1.1390994273172885
10011,max-exp-cap,0.11191406250000002,0.08470052083333332,0.3212760416666666,0.35529947916666665,1.1163986643193422
10012,max-exp-cap-V,0.13059895833333335,0.10996093749999997,0.3129166666666667,0.34720052083333336,1.0967735633815219
10012,residual-s0,0.1488932291666667,0.13248697916666669,0.30925781250000006,0.3426953125,1.1252449777786533
10012,ppo-s0,0.13378906249999997,0.11920572916666669,0.3122786458333333,0.3453515625,1.0774522085908942
10012,rolling-lp-V,0.12298177083333334,0.10182291666666671,0.3144401041666667,0.34882812499999993,1.0570444772740974
10012,max-exp-cap,0.10358072916666675,0.078125,0.3183203125,0.35356770833333334,1.058192639022171
10013,max-exp-cap-V,0.13561197916666662,0.1362630208333333,0.29803385416666667,0.32804687500000007,1.1410829196679748
10013,residual-s0,0.14609374999999997,0.14563802083333335,0.29593749999999996,0.326171875,1.1511345105204407
10013,ppo-s0,0.14466145833333335,0.14479166666666665,0.2962239583333333,0.32634114583333335,1.1529179776373875
10013,rolling-lp-V,0.1460286458333333,0.14173177083333335,0.29595052083333334,0.326953125,1.1563694636645678
10013,max-exp-cap,0.11803385416666662,0.11145833333333333,0.3015494791666667,0.3330078125,1.1427622782998395
10014,max-exp-cap-V,0.10989583333333333,0.08196614583333334,0.34309895833333337,0.3737239583333333,1.1041928658594657
10014,residual-s0,0.1234375,0.09055989583333338,0.34039062499999995,0.37200520833333334,1.1283457329541386
10014,ppo-s0,0.1147786458333333,0.081640625,0.34212239583333337,0.3737890625,1.0986619972049798
10014,rolling-lp-V,0.1021484375,0.07545572916666665,0.34464843749999996,0.3750260416666667,1.0817224124248488
10014,max-exp-cap,0.08372395833333326,0.06119791666666666,0.34833333333333333,0.3778776041666666,1.0945848780984198
10015,max-exp-cap-V,0.11959635416666661,0.08808593749999999,0.3345182291666667,0.36639322916666667,1.0438870137621636
10015,residual-s0,0.125390625,0.09309895833333334,0.333359375,0.36539062499999997,1.0520044871557905
10015,ppo-s0,0.11549479166666662,0.07955729166666667,0.33533854166666666,0.36809895833333334,1.0307441336806566
10015,rolling-lp-V,0.10944010416666664,0.07897135416666665,0.3365494791666666,0.36821614583333334,1.0369934597254094
10015,max-exp-cap,0.08502604166666661,0.05989583333333329,0.34143229166666667,0.37203125,1.0217049269007077
10016,max-exp-cap-V,0.12766927083333332,0.09928385416666666,0.32486979166666663,0.35832031249999996,1.0942923618144096
10016,residual-s0,0.13580729166666666,0.10755208333333333,0.32324218749999994,0.3566666666666667,1.1019410490927264
10016,ppo-s0,0.1393880208333333,0.11380208333333333,0.32252604166666665,0.35541666666666666,1.1180310862761338
10016,rolling-lp-V,0.12109374999999994,0.09205729166666665,0.3261848958333333,0.359765625,1.0961751299816005
10016,max-exp-cap,0.1087890625,0.08027343749999993,0.32864583333333336,0.36212239583333333,1.1192715322490514
10017,max-exp-cap-V,0.13216145833333334,0.10371093749999999,0.32046875,0.3541536458333333,1.0873683879297666
10017,residual-s0,0.14238281249999998,0.12018229166666669,0.3184244791666666,0.35085937500000003,1.1154080957877615
10017,ppo-s0,0.1340494791666667,0.11080729166666667,0.3200911458333333,0.35273437499999993,1.0807561191814097
10017,rolling-lp-V,0.1215494791666667,0.09772135416666664,0.32259114583333337,0.3553515625,1.068520870551793
10017,max-exp-cap,0.11048177083333338,0.08287760416666667,0.32480468749999997,0.35832031249999996,1.0863053656190493
10018,max-exp-cap-V,0.13730468750000002,0.10872395833333334,0.31993489583333334,0.3534635416666667,1.137359882363389
10018,residual-s0,0.14121093750000005,0.11608072916666667,0.31915364583333333,0.35199218750000005,1.137446823044851
10018,ppo-s0,0.12871093749999998,0.10130208333333332,0.32165364583333333,0.3549479166666667,1.0881887694459846
10018,rolling-lp-V,0.1248697916666667,0.09986979166666665,0.32242187499999997,0.35523437500000005,1.1095465834467553
10018,max-exp-cap,0.10097656249999998,0.07578125000000002,0.32720052083333334,0.36005208333333333,1.1050082622827218
10019,max-exp-cap-V,0.12955729166666669,0.11197916666666671,0.3120963541666667,0.34423177083333334,1.0823916382847736
10019,residual-s0,0.1377604166666666,0.12350260416666672,0.31045572916666664,0.3419270833333333,1.0993158578628581
10019,ppo-s0,0.13828124999999997,0.1281901041666667,0.31035156249999996,0.3409895833333333,1.1117537798901063
10019,rolling-lp-V,0.12304687499999994,0.11015625000000001,0.31339843750000007,0.3445963541666667,1.0935238795609814
10019,max-exp-cap,0.10006510416666667,0.08105468750000006,0.31799479166666667,0.35041666666666665,1.077398694180454
10020,max-exp-cap-V,0.1317708333333334,0.10722656250000001,0.31761718749999995,0.3510026041666667,1.0735360744301625
10020,residual-s0,0.13470052083333336,0.11295572916666666,0.31703125,0.3498567708333333,1.0762897263261417
10020,ppo-s0,0.13085937500000008,0.11289062500000002,0.3177994791666666,0.3498697916666667,1.063806822343135
10020,rolling-lp-V,0.12968750000000004,0.10950520833333338,0.31803385416666663,0.350546875,1.0593181598326975
10020,max-exp-cap,0.10852864583333335,0.08307291666666666,0.322265625,0.35583333333333333,1.0724827227496923
10021,max-exp-cap-V,0.13320312499999998,0.10696614583333333,0.322265625,0.35514322916666663,1.1026152174299717
10021,residual-s0,0.1348307291666667,0.10807291666666669,0.32194010416666663,0.35492187499999994,1.1003183156097154
10021,ppo-s0,0.12805989583333333,0.10384114583333329,0.3232942708333333,0.35576822916666667,1.096677235033812
10021,rolling-lp-V,0.11861979166666664,0.09394531249999999,0.3251822916666667,0.3577473958333333,1.0740927380132304
10021,max-exp-cap,0.10143229166666667,0.07910156249999997,0.32861979166666666,0.36071614583333333,1.094678337959963
10022,max-exp-cap-V,0.12519531249999996,0.09576822916666669,0.3305208333333333,0.36251302083333337,1.1416138916507161
10022,residual-s0,0.13769531249999997,0.10397135416666664,0.3280208333333333,0.36087239583333336,1.1518568310045936
10022,ppo-s0,0.13613281249999995,0.09986979166666662,0.3283333333333333,0.36169270833333333,1.144499919600749
10022,rolling-lp-V,0.11718749999999997,0.08404947916666669,0.3321223958333333,0.36485677083333334,1.1104251420929376
10022,max-exp-cap,0.09414062499999998,0.06666666666666665,0.3367317708333334,0.3683333333333333,1.1059719138250392
10023,max-exp-cap-V,0.12532552083333334,0.09244791666666663,0.32916666666666666,0.36294270833333336,1.0798412933059462
10023,residual-s0,0.1413411458333333,0.11210937499999998,0.32596354166666663,0.35901041666666667,1.1103664250770107
10023,ppo-s0,0.12975260416666665,0.09069010416666667,0.32828125,0.3632942708333333,1.0743325589301322
10023,rolling-lp-V,0.12239583333333334,0.09036458333333339,0.3297526041666667,0.363359375,1.0763001477359655
10023,max-exp-cap,0.0884114583333333,0.06178385416666671,0.33654947916666667,0.36907552083333334,1.050164048433273
10024,max-exp-cap-V,0.12962239583333332,0.09980468749999999,0.32964843750000006,0.36312500000000003,1.1149181958480248
10024,residual-s0,0.14772135416666665,0.12154947916666664,0.32602864583333335,0.35877604166666666,1.1459737328632729
10024,ppo-s0,0.1259765625,0.09186197916666666,0.33037760416666667,0.3647135416666666,1.0741540172702289
10024,rolling-lp-V,0.12662760416666666,0.09713541666666659,0.33024739583333335,0.36365885416666666,1.0875651373775599
10024,max-exp-cap,0.09173177083333331,0.06725260416666665,0.33722656250000005,0.36963541666666666,1.059376165994488
10025,max-exp-cap-V,0.13554687500000004,0.1306640625,0.30125,0.3311067708333333,1.107275020475253
10025,residual-s0,0.1366536458333334,0.13554687499999996,0.30102864583333333,0.33013020833333334,1.1199966921921283
10025,ppo-s0,0.13424479166666664,0.13144531249999997,0.30151041666666667,0.3309505208333333,1.1002325659704262
10025,rolling-lp-V,0.12630208333333337,0.12291666666666665,0.30309895833333333,0.33265625,1.0736482747931004
10025,max-exp-cap,0.10950520833333338,0.0985026041666667,0.30645833333333333,0.3375390625,1.091956928977232
10026,max-exp-cap-V,0.11067708333333334,0.08802083333333335,0.33240885416666666,0.36360677083333337,1.0789707992406836
10026,residual-s0,0.11835937500000002,0.08964843750000004,0.33087239583333333,0.36328125,1.0834858322104863
10026,ppo-s0,0.12063802083333333,0.08815104166666668,0.3304166666666667,0.3635807291666667,1.0577242633329829
10026,rolling-lp-V,0.09759114583333331,0.07272135416666667,0.3350260416666667,0.3666666666666667,1.0285912378299633
10026,max-exp-cap,0.08723958333333334,0.06393229166666667,0.3370963541666666,0.36842447916666665,1.0561434087349475
10027,max-exp-cap-V,0.14010416666666664,0.11458333333333334,0.31462239583333335,0.3487630208333333,1.1054871006998441
10027,residual-s0,0.14635416666666667,0.12122395833333333,0.3133723958333333,0.3474348958333333,1.1142852482244643
10027,ppo-s0,0.13678385416666672,0.11354166666666668,0.31528645833333335,0.3489713541666667,1.0927962926828696
10027,rolling-lp-V,0.11647135416666671,0.08847656250000002,0.3193489583333333,0.35398437499999996,1.060497819473321
10027,max-exp-cap,0.10716145833333335,0.0757161458333333,0.3212109375,0.35653645833333336,1.0768328617063967
10028,max-exp-cap-V,0.13613281249999998,0.10625000000000007,0.32399739583333337,0.35837239583333336,1.0992772006746931
10028,residual-s0,0.14147135416666665,0.11458333333333334,0.3229296875,0.3567057291666667,1.1032398801396928
10028,ppo-s0,0.13964843749999997,0.11152343750000002,0.3232942708333334,0.3573177083333333,1.0986511207700198
10028,rolling-lp-V,0.12421875000000002,0.09733072916666671,0.32638020833333337,0.36015625,1.0749227481569454
10028,max-exp-cap,0.10052083333333331,0.07304687500000001,0.3311197916666667,0.3650130208333334,1.0681601467628108
10029,max-exp-cap-V,0.12753906249999997,0.10605468749999997,0.31429687500000003,0.3478515625,1.0962716935803494
10029,residual-s0,0.13424479166666664,0.11510416666666673,0.3129557291666667,0.3460416666666667,1.111810560259255
10029,ppo-s0,0.13567708333333334,0.11946614583333337,0.3126692708333333,0.34516927083333326,1.1121580791036034
10029,rolling-lp-V,0.134375,0.11458333333333337,0.3129296875,0.34614583333333326,1.1194899185490081
10029,max-exp-cap,0.10957031250000002,0.08404947916666666,0.317890625,0.35225260416666665,1.1194532190663102
10030,max-exp-cap-V,0.14329427083333338,0.12213541666666672,0.3127083333333333,0.3466145833333333,1.095514568894079
10030,residual-s0,0.1517578125,0.12962239583333338,0.311015625,0.3451171875,1.1002257762014611
10030,ppo-s0,0.13626302083333333,0.11438802083333335,0.3141145833333333,0.3481640625,1.0653169505704583
10030,rolling-lp-V,0.11458333333333334,0.08906250000000004,0.3184505208333333,0.35322916666666665,1.0102982774159368
10030,max-exp-cap,0.10898437500000002,0.07838541666666668,0.31957031249999995,0.3553645833333333,1.052693522714189
10031,max-exp-cap-V,0.12675781249999998,0.09902343749999998,0.3189453125,0.354140625,1.084878358917437
10031,residual-s0,0.1384114583333333,0.11197916666666663,0.3166145833333333,0.3515494791666667,1.1039279240859399
10031,ppo-s0,0.13684895833333335,0.11204427083333329,0.31692708333333336,0.3515364583333333,1.093336511682807
10031,rolling-lp-V,0.12779947916666667,0.10188802083333329,0.31873697916666666,0.3535677083333334,1.075134544131919
10031,max-exp-cap,0.10364583333333327,0.07584635416666666,0.32356770833333337,0.35877604166666666,1.0689694969323107
10032,max-exp-cap-V,0.11536458333333335,0.08990885416666669,0.32843750000000005,0.3606640625,1.0794501486576256
10032,residual-s0,0.12044270833333331,0.09303385416666662,0.32742187500000003,0.36003906249999995,1.087485731445717
10032,ppo-s0,0.11549479166666668,0.08626302083333331,0.32841145833333335,0.36139322916666666,1.0634580037979136
10032,rolling-lp-V,0.10182291666666668,0.07558593749999998,0.33114583333333336,0.3635286458333334,1.042944007622584
10032,max-exp-cap,0.0897135416666667,0.06529947916666665,0.3335677083333334,0.3655859375,1.0735036189902476
10033,max-exp-cap-V,0.15097656250000005,0.12910156249999996,0.313984375,0.34692708333333333,1.176272285577088
10033,residual-s0,0.14713541666666669,0.1257812499999999,0.31475260416666667,0.34759114583333334,1.1747913650332111
10033,ppo-s0,0.14023437500000005,0.12115885416666661,0.31613281249999997,0.348515625,1.1364315272175525
10033,rolling-lp-V,0.12701822916666675,0.10494791666666659,0.3187760416666667,0.35175781249999993,1.110082526615111
10033,max-exp-cap,0.11295572916666671,0.08365885416666663,0.32158854166666667,0.35601562499999995,1.1188099068244035
10034,max-exp-cap-V,0.14876302083333334,0.13378906250000006,0.3086067708333333,0.34113281250000005,1.1316761997049407
10034,residual-s0,0.15911458333333328,0.14231770833333338,0.3065364583333333,0.3394270833333334,1.1542655096022978
10034,ppo-s0,0.15410156250000004,0.1413411458333334,0.30753906249999996,0.3396223958333333,1.1411058068896656
10034,rolling-lp-V,0.13548177083333332,0.11315104166666673,0.31126302083333335,0.3452604166666667,1.0800455866149241
10034,max-exp-cap,0.11640624999999999,0.08964843750000004,0.31507812500000004,0.3499609375,1.1017322370759215
10035,max-exp-cap-V,0.12356770833333336,0.09661458333333336,0.32294270833333333,0.35542968750000004,1.077738568962144
10035,residual-s0,0.125,0.0977864583333333,0.32265625,0.35519531249999997,1.0757251443939957
10035,ppo-s0,0.1279947916666667,0.1015625,0.3220572916666667,0.35444010416666666,1.075306554494344
10035,rolling-lp-V,0.10813802083333338,0.08111979166666669,0.32602864583333335,0.3585286458333333,1.0407841852110609
10035,max-exp-cap,0.09661458333333334,0.07161458333333331,0.3283333333333333,0.36042968750000004,1.0567603081142956
10036,max-exp-cap-V,0.1274088541666667,0.09967447916666672,0.3203776041666667,0.3552734375,1.0901615919006027
10036,residual-s0,0.13372395833333334,0.10670572916666674,0.3191145833333333,0.3538671875,1.0925690122656115
10036,ppo-s0,0.13535156250000002,0.11067708333333337,0.31878906249999994,0.3530729166666667,1.0928578466107126
10036,rolling-lp-V,0.12708333333333333,0.10000000000000006,0.3204427083333333,0.35520833333333335,1.1055650365753202
10036,max-exp-cap,0.10325520833333338,0.07467447916666675,0.3252083333333333,0.3602734375,1.0819937058283517
10037,max-exp-cap-V,0.127734375,0.099609375,0.32195312499999995,0.3556640625,1.1031595835042531
10037,residual-s0,0.13352864583333335,0.10501302083333333,0.32079427083333334,0.3545833333333333,1.1115277898627305
10037,ppo-s0,0.13710937500000003,0.11445312500000007,0.32007812500000005,0.35269531249999997,1.1033771479952428
10037,rolling-lp-V,0.11738281250000002,0.08743489583333333,0.3240234375,0.35809895833333333,1.0702057885977896
10037,max-exp-cap,0.09622395833333333,0.07207031250000001,0.3282552083333333,0.36117187500000003,1.076366977860919
10038,max-exp-cap-V,0.13984374999999993,0.11451822916666665,0.3186979166666667,0.35225260416666665,1.1515879912755955
10038,residual-s0,0.15214843749999996,0.13255208333333332,0.31623697916666665,0.3486458333333334,1.1730764472476074
10038,ppo-s0,0.13248697916666657,0.10911458333333332,0.32016927083333335,0.35333333333333333,1.0991413661094112
10038,rolling-lp-V,0.1283854166666666,0.10520833333333332,0.32098958333333333,0.3541145833333334,1.1029954375693831
10038,max-exp-cap,0.10423177083333329,0.07721354166666666,0.3258203125,0.3597135416666667,1.0869257966435424
10039,max-exp-cap-V,0.11842447916666665,0.08678385416666665,0.3375520833333333,0.3707421875,1.068912087186404
10039,residual-s0,0.12753906250000002,0.09544270833333338,0.33572916666666663,0.3690104166666667,1.0828597327822411
10039,ppo-s0,0.12753906250000002,0.09251302083333332,0.33572916666666663,0.3695963541666667,1.0813024786345842
10039,rolling-lp-V,0.11412760416666662,0.08541666666666667,0.3384114583333334,0.371015625,1.0801831494495546
10039,max-exp-cap,0.08496093749999997,0.05904947916666664,0.34424479166666666,0.37628906250000005,1.047564173351517
10040,max-exp-cap-V,0.1358072916666666,0.12591145833333328,0.3041015625,0.3345703125,1.1171409744159426
10040,residual-s0,0.14537760416666662,0.13821614583333336,0.30218749999999994,0.332109375,1.1310986742620437
10040,ppo-s0,0.13626302083333328,0.12871093749999998,0.30401041666666667,0.33401041666666664,1.0990604891587823
10040,rolling-lp-V,0.12760416666666663,0.11731770833333333,0.30574218750000004,0.3362890625,1.083394800624476
10040,max-exp-cap,0.11061197916666665,0.09355468749999998,0.30914062499999995,0.34104166666666674,1.103729177419428
10041,max-exp-cap-V,0.1423828125,0.11796874999999998,0.3159375,0.3491015625,1.1062753116170727
10041,residual-s0,0.14635416666666665,0.12083333333333329,0.3151432291666667,0.3485286458333333,1.1074955582422088
10041,ppo-s0,0.13749999999999996,0.11341145833333327,0.3169140625,0.3500130208333333,1.0875482250871658
10041,rolling-lp-V,0.12929687499999998,0.10338541666666665,0.31855468749999993,0.35201822916666664,1.0698479095610245
10041,max-exp-cap,0.10976562499999998,0.07936197916666665,0.3224609375,0.35682291666666666,1.0742419643304588
10042,max-exp-cap-V,0.12773437500000004,0.10006510416666664,0.31994791666666667,0.35334635416666665,1.0897627505292966
10042,residual-s0,0.1352213541666667,0.10878906250000003,0.31845052083333336,0.35160156249999996,1.098917411598882
10042,ppo-s0,0.14088541666666662,0.120703125,0.31731770833333334,0.34921875,1.1323807208243168
10042,rolling-lp-V,0.12662760416666669,0.10319010416666666,0.3201692708333333,0.3527213541666667,1.1140421795542867
10042,max-exp-cap,0.10579427083333331,0.08007812499999997,0.3243359375,0.35734374999999996,1.1132686411683392
10043,max-exp-cap-V,0.11686197916666666,0.09401041666666662,0.3195833333333333,0.35192708333333333,1.087943215667984
10043,residual-s0,0.13287760416666664,0.11236979166666661,0.31638020833333336,0.34825520833333334,1.105253265661093
10043,ppo-s0,0.12643229166666664,0.10611979166666663,0.31766927083333335,0.3495052083333333,1.0972396099391704
10043,rolling-lp-V,0.11243489583333335,0.08886718749999994,0.32046874999999997,0.3529557291666667,1.06591293539169
10043,max-exp-cap,0.09264322916666662,0.07096354166666663,0.3244270833333333,0.3565364583333333,1.0824372319014082
10044,max-exp-cap-V,0.12884114583333334,0.09654947916666667,0.323671875,0.3574348958333333,1.0757340600669143
10044,residual-s0,0.13470052083333328,0.10481770833333331,0.3225,0.35578125,1.0780590914771766
10044,ppo-s0,0.11705729166666665,0.084375,0.32602864583333335,0.35986979166666666,1.0230991347602358
10044,rolling-lp-V,0.11393229166666663,0.08463541666666671,0.32665364583333334,0.35981770833333326,1.0458785987670478
10044,max-exp-cap,0.09238281250000002,0.06555989583333327,0.33096354166666664,0.3636328125,1.0325520943801365
10045,max-exp-cap-V,0.14127604166666669,0.14427083333333338,0.29527343749999996,0.3243880208333333,1.1217387379602899
10045,residual-s0,0.1485026041666667,0.1494791666666667,0.293828125,0.3233463541666666,1.1303632760880928
10045,ppo-s0,0.15429687500000006,0.1545572916666667,0.29266927083333333,0.32233072916666666,1.157640349420436
10045,rolling-lp-V,0.15000000000000002,0.14902343750000002,0.2935286458333334,0.32343749999999993,1.1481521864175146
10045,max-exp-cap,0.124609375,0.12350260416666667,0.29860677083333337,0.3285416666666666,1.1420787013803735
10046,max-exp-cap-V,0.13899739583333331,0.12467447916666666,0.31046875,0.34359375,1.1190405887094537
10046,residual-s0,0.14303385416666667,0.12890625,0.30966145833333336,0.34274739583333336,1.1205611212815971
10046,ppo-s0,0.13255208333333335,0.11888020833333329,0.31175781250000006,0.34475260416666664,1.0832385318527853
10046,rolling-lp-V,0.12369791666666669,0.10820312500000001,0.31352864583333334,0.3468880208333333,1.074051437385581
10046,max-exp-cap,0.11022135416666665,0.08684895833333334,0.3162239583333333,0.3511588541666667,1.0886512966921493
10047,max-exp-cap-V,0.1270182291666666,0.09733072916666663,0.32712239583333336,0.35997395833333334,1.0948444697354982
10047,residual-s0,0.1318359375,0.10091145833333331,0.3261588541666666,0.3592578125,1.0984867477264615
10047,ppo-s0,0.13261718749999993,0.10397135416666667,0.3260026041666667,0.3586458333333334,1.082719754179004
10047,rolling-lp-V,0.11497395833333332,0.08417968750000002,0.32953125,0.3626041666666667,1.0604978534494045
10047,max-exp-cap,0.09648437499999996,0.06972656249999998,0.3332291666666667,0.3654947916666667,1.0693251428187838
10048,max-exp-cap-V,0.12532552083333326,0.09583333333333333,0.32466145833333326,0.3582942708333334,1.0842624690173355
10048,residual-s0,0.13430989583333333,0.10664062500000002,0.32286458333333334,0.3561328125,1.0997564527509356
10048,ppo-s0,0.1274088541666666,0.09550781250000004,0.3242447916666667,0.3583593749999999,1.0673875792864886
10048,rolling-lp-V,0.11861979166666664,0.08867187500000007,0.32600260416666665,0.3597265625,1.073078086242993
10048,max-exp-cap,0.09843749999999996,0.06861979166666671,0.33003906250000004,0.36373697916666664,1.0696907279985064
10049,max-exp-cap-V,0.12903645833333333,0.09498697916666662,0.3268880208333333,0.36079427083333326,1.1163678888372792
10049,residual-s0,0.13470052083333328,0.10104166666666664,0.3257552083333334,0.35958333333333337,1.1254999297183919
10049,ppo-s0,0.1286458333333333,0.09407552083333331,0.32696614583333333,0.3609765625,1.0840519789069911
10049,rolling-lp-V,0.12376302083333335,0.09264322916666662,0.3279427083333334,0.36126302083333334,1.1054775136474906
10049,max-exp-cap,0.09967447916666661,0.07083333333333328,0.33276041666666667,0.36562500000000003,1.0958324093988854
10050,max-exp-cap-V,0.11165364583333334,0.08391927083333336,0.3389973958333333,0.371953125,1.0729190347828814
10050,residual-s0,0.1098958333333333,0.08151041666666672,0.33934895833333334,0.37243489583333333,1.0705959926970436
10050,ppo-s0,0.12298177083333334,0.08710937500000007,0.33673177083333333,0.37131510416666663,1.0754625292671949
10050,rolling-lp-V,0.10442708333333334,0.07604166666666676,0.3404427083333333,0.37352864583333334,1.0649962108993474
10050,max-exp-cap,0.08053385416666667,0.057682291666666635,0.34522135416666666,0.37720052083333333,1.0443265550597034
10051,max-exp-cap-V,0.11529947916666669,0.0883463541666667,0.3311328125,0.362890625,1.0845749525999995
10051,residual-s0,0.12434895833333331,0.09173177083333331,0.3293229166666667,0.36221354166666664,1.0943520707616317
10051,ppo-s0,0.11328124999999994,0.07988281249999998,0.33153645833333334,0.36458333333333337,1.057039180316379
10051,rolling-lp-V,0.11770833333333339,0.08580729166666665,0.3306510416666667,0.3633984375,1.0970825823862491
10051,max-exp-cap,0.09244791666666669,0.06588541666666664,0.33570312500000005,0.3673828125,1.0723237569160855
10052,max-exp-cap-V,0.13124999999999995,0.11718749999999997,0.3062239583333334,0.3379036458333334,1.1253437248843277
10052,residual-s0,0.13776041666666666,0.12382812500000004,0.304921875,0.3365755208333333,1.134216667736133
10052,ppo-s0,0.13444010416666669,0.12324218750000002,0.30558593749999996,0.33669270833333337,1.11463827449381
10052,rolling-lp-V,0.13489583333333335,0.11998697916666665,0.30549479166666665,0.33734374999999994,1.128675223484834
10052,max-exp-cap,0.11321614583333336,0.09192708333333327,0.3098307291666666,0.3429557291666666,1.128936721826464
10053,max-exp-cap-V,0.12519531250000002,0.10794270833333325,0.31447916666666664,0.3460546875,1.0964970966384935
10053,residual-s0,0.13352864583333335,0.12050781249999992,0.3128125,0.3435416666666667,1.1053874228541307
10053,ppo-s0,0.12597656249999994,0.11347656249999996,0.3143229166666667,0.34494791666666663,1.0868014388554583
10053,rolling-lp-V,0.11940104166666662,0.10677083333333329,0.3156380208333333,0.3462890625,1.0739614217683966
10053,max-exp-cap,0.10279947916666671,0.08261718749999997,0.31895833333333334,0.35111979166666674,1.0905181068169147
10054,max-exp-cap-V,0.13984375000000002,0.11080729166666672,0.3200911458333333,0.3533333333333334,1.1197249924518857
10054,residual-s0,0.14036458333333332,0.11276041666666667,0.31998697916666663,0.3529427083333333,1.1211934922863531
10054,ppo-s0,0.13424479166666667,0.10794270833333333,0.32121093749999996,0.35390625000000003,1.1013715330962393
10054,rolling-lp-V,0.12897135416666666,0.10286458333333334,0.322265625,0.354921875,1.1046655469375066
10054,max-exp-cap,0.10371093750000002,0.07643229166666671,0.3273177083333333,0.36020833333333335,1.0925065655096782
10055,max-exp-cap-V,0.10957031250000007,0.0904296875,0.3334244791666666,0.3632682291666667,1.0902524469190238
10055,residual-s0,0.11933593750000007,0.09420572916666667,0.3314713541666666,0.3625130208333333,1.1053265127763077
10055,ppo-s0,0.11308593750000004,0.087890625,0.33272135416666676,0.36377604166666666,1.0677412104176658
10055,rolling-lp-V,0.10598958333333339,0.08118489583333333,0.33414062499999997,0.36511718750000005,1.0679570412533799
10055,max-exp-cap,0.08847656250000008,0.06718750000000001,0.33764322916666667,0.36791666666666667,1.0770547464848332
10056,max-exp-cap-V,0.1479166666666667,0.14225260416666663,0.296796875,0.32744791666666667,1.1510480344870166
10056,residual-s0,0.15638020833333335,0.14882812499999998,0.2951041666666666,0.3261328125,1.1599091417417593
10056,ppo-s0,0.14453125000000003,0.13964843749999997,0.29747395833333334,0.32796875,1.1127945075488124
10056,rolling-lp-V,0.13496093750000004,0.1262369791666666,0.2993880208333334,0.33065104166666665,1.0920389117634113
10056,max-exp-cap,0.1250651041666667,0.11223958333333328,0.3013671875,0.3334505208333333,1.1185687299786207
10057,max-exp-cap-V,0.13229166666666675,0.11165364583333337,0.31174479166666663,0.3432291666666667,1.136981306843204
10057,residual-s0,0.13014322916666674,0.10768229166666671,0.3121744791666667,0.34402343750000003,1.1314387493102938
10057,ppo-s0,0.12558593750000008,0.10638020833333336,0.3130859375,0.3442838541666667,1.098905394278648
10057,rolling-lp-V,0.11464843750000003,0.09615885416666672,0.31527343750000003,0.346328125,1.0920814739382676
10057,max-exp-cap,0.10188802083333337,0.0813802083333334,0.3178255208333334,0.34928385416666663,1.1011824555074967
10058,max-exp-cap-V,0.13684895833333335,0.11796875000000001,0.3111848958333333,0.3442838541666667,1.1165518403346215
10058,residual-s0,0.1477213541666667,0.1339192708333333,0.3090104166666666,0.34109375,1.1373801286527527
10058,ppo-s0,0.1404947916666667,0.128125,0.3104557291666667,0.3422526041666667,1.1322512683141748
10058,rolling-lp-V,0.13196614583333333,0.11464843749999995,0.31216145833333336,0.34494791666666663,1.1234718076393655
10058,max-exp-cap,0.11334635416666666,0.08815104166666662,0.31588541666666675,0.3502473958333333,1.1260768546485225
10059,max-exp-cap-V,0.15279947916666664,0.1302734375,0.3110677083333333,0.3444791666666667,1.156159696234448
10059,residual-s0,0.15611979166666662,0.13411458333333331,0.31040364583333335,0.34371093750000004,1.1639810574069578
10059,ppo-s0,0.14785156249999998,0.1298828125,0.3120572916666666,0.34455729166666665,1.140900698114014
10059,rolling-lp-V,0.1364583333333333,0.11328124999999997,0.3143359375,0.34787760416666663,1.139163716023786
10059,max-exp-cap,0.1157552083333333,0.08847656249999997,0.3184765625,0.3528385416666667,1.1261027533248071
10060,max-exp-cap-V,0.13548177083333338,0.11790364583333329,0.30881510416666674,0.340234375,1.1123018889220766
10060,residual-s0,0.13691406250000002,0.12187500000000004,0.30852864583333334,0.3394401041666667,1.1046958556372553
10060,ppo-s0,0.13756510416666667,0.1251302083333333,0.3083984375,0.33878906249999996,1.108641542884339
10060,rolling-lp-V,0.12688802083333334,0.11263020833333337,0.3105338541666667,0.3412890625,1.0986330697109237
10060,max-exp-cap,0.10703125,0.08645833333333333,0.3145052083333333,0.34652343750000003,1.096221609492216
10061,max-exp-cap-V,0.1380859375,0.1266927083333333,0.3068229166666666,0.33756510416666663,1.118390636302068
10061,residual-s0,0.14726562499999996,0.1427734375,0.30498697916666667,0.33434895833333333,1.1298164101642976
10061,ppo-s0,0.13066406249999998,0.12324218749999999,0.30830729166666665,0.3382552083333333,1.0810199727344192
10061,rolling-lp-V,0.13053385416666669,0.12154947916666664,0.3083333333333333,0.33859374999999997,1.0912377651603726
10061,max-exp-cap,0.11634114583333335,0.09882812499999993,0.311171875,0.34313802083333333,1.110083751423477
10062,max-exp-cap-V,0.1405598958333333,0.14121093750000002,0.29972656249999996,0.3302083333333333,1.140078948169762
10062,residual-s0,0.1451171875,0.14401041666666664,0.2988151041666666,0.32964843750000006,1.1425417523931296
10062,ppo-s0,0.13671875000000003,0.13606770833333331,0.30049479166666665,0.33123697916666667,1.1139257138954366
10062,rolling-lp-V,0.13033854166666667,0.125390625,0.3017708333333334,0.33337239583333333,1.1018514083869768
10062,max-exp-cap,0.11315104166666665,0.10247395833333334,0.30520833333333336,0.33795572916666666,1.1113827759215669
10063,max-exp-cap-V,0.1388020833333333,0.11985677083333335,0.31102864583333334,0.3438151041666667,1.1268887569923163
10063,residual-s0,0.14824218749999996,0.12988281249999997,0.309140625,0.3418098958333333,1.1446723677304635
10063,ppo-s0,0.1401692708333333,0.12473958333333332,0.3107552083333333,0.34283854166666666,1.1239356872464064
10063,rolling-lp-V,0.12799479166666666,0.10716145833333332,0.31319010416666665,0.3463541666666667,1.0961436726040186
10063,max-exp-cap,0.11803385416666665,0.09225260416666661,0.31518229166666667,0.34933593749999997,1.1361951066676335
10064,max-exp-cap-V,0.11699218750000001,0.0864583333333333,0.34201822916666663,0.37328125,1.1072855260564278
10064,residual-s0,0.11751302083333334,0.08457031249999994,0.3419140625,0.37365885416666667,1.1026435667615937
10064,ppo-s0,0.11035156250000006,0.07552083333333329,0.34334635416666665,0.37546875,1.0675108351558495
10064,rolling-lp-V,0.09453124999999998,0.06790364583333328,0.34651041666666665,0.3769921875,1.054336490531479
10064,max-exp-cap,0.07805989583333334,0.0563151041666666,0.3498046875,0.3793098958333333,1.0581433030820693
10065,max-exp-cap-V,0.13378906250000006,0.12897135416666666,0.3034895833333333,0.33467447916666665,1.0717264426843787
10065,residual-s0,0.1428385416666667,0.13697916666666665,0.3016796875,0.3330729166666667,1.0949232816376218
10065,ppo-s0,0.14257812500000003,0.14003906249999998,0.3017317708333333,0.33246093749999994,1.0885837439712507
10065,rolling-lp-V,0.13470052083333334,0.12597656249999997,0.3033072916666667,0.33527343750000005,1.0860679137045766
10065,max-exp-cap,0.11347656250000002,0.09778645833333333,0.30755208333333334,0.34091145833333336,1.0771902728001406
10066,max-exp-cap-V,0.1435546875,0.12942708333333336,0.3086979166666667,0.34031249999999996,1.1177376479596703
10066,residual-s0,0.14863281250000002,0.13548177083333335,0.3076822916666667,0.33910156249999995,1.1344334545968076
10066,ppo-s0,0.14492187499999998,0.13372395833333336,0.30842447916666665,0.339453125,1.1161546421683581
10066,rolling-lp-V,0.13222656249999995,0.1180338541666667,0.3109635416666666,0.34259114583333333,1.1150567627223722
10066,max-exp-cap,0.11406249999999996,0.09003906249999999,0.3145963541666667,0.3481901041666667,1.0998711571051545
10067,max-exp-cap-V,0.14505208333333328,0.12571614583333335,0.31453125000000004,0.3475130208333333,1.0980848135372427
10067,residual-s0,0.14674479166666662,0.1277994791666667,0.31419270833333335,0.3470963541666666,1.1013280822864264
10067,ppo-s0,0.14186197916666662,0.12610677083333333,0.3151692708333333,0.34743489583333337,1.091762399564061
10067,rolling-lp-V,0.12988281249999997,0.11113281250000001,0.31756510416666667,0.35042968750000003,1.0683954858060882
10067,max-exp-cap,0.11321614583333334,0.08652343749999997,0.3208984375,0.3553515625,1.0958458957886004
10068,max-exp-cap-V,0.1411458333333334,0.12395833333333334,0.31242187499999996,0.3447005208333333,1.1382037011721633
10068,residual-s0,0.13756510416666667,0.12161458333333339,0.3131380208333333,0.3451692708333334,1.1279566992900114
10068,ppo-s0,0.14055989583333334,0.12727864583333334,0.3125390625000001,0.3440364583333333,1.1261299792603006
10068,rolling-lp-V,0.11920572916666666,0.09980468749999999,0.31680989583333335,0.34953124999999996,1.0894904843780315
10068,max-exp-cap,0.11165364583333337,0.08684895833333336,0.3183203125,0.3521223958333334,1.1163493208871227
10069,max-exp-cap-V,0.12858072916666666,0.10188802083333334,0.32078125,0.35457031250000004,1.0658966943631725
10069,residual-s0,0.12975260416666662,0.10182291666666668,0.32054687500000006,0.35458333333333336,1.061789758575191
10069,ppo-s0,0.12871093749999998,0.10214843749999997,0.32075520833333326,0.35451822916666664,1.0523251259713258
10069,rolling-lp-V,0.12161458333333328,0.09700520833333331,0.32217447916666664,0.355546875,1.0525146994810985
10069,max-exp-cap,0.09999999999999995,0.0733723958333333,0.32649739583333337,0.36027343749999996,1.0502426094191564
10070,max-exp-cap-V,0.1448567708333334,0.13977864583333335,0.30130208333333336,0.3320182291666667,1.1170106289900004
10070,residual-s0,0.14889322916666667,0.14420572916666666,0.3004947916666667,0.33113281250000004,1.1196775444407412
10070,ppo-s0,0.13990885416666665,0.1367838541666667,0.30229166666666674,0.33261718749999997,1.0907496527161726
10070,rolling-lp-V,0.13528645833333336,0.12532552083333337,0.30321614583333334,0.3349088541666666,1.0777255155172263
10070,max-exp-cap,0.11660156250000003,0.10377604166666674,0.30695312500000005,0.33921874999999996,1.0927485698994865
10071,max-exp-cap-V,0.13079427083333328,0.10312500000000002,0.3210677083333333,0.354140625,1.0874307596708128
10071,residual-s0,0.13444010416666657,0.11002604166666671,0.3203385416666667,0.35276041666666663,1.1005629467926388
10071,ppo-s0,0.1353515624999999,0.11328125000000008,0.32015625000000003,0.352109375,1.1038253676900835
10071,rolling-lp-V,0.11712239583333334,0.0947265625,0.3238020833333333,0.3558203125,1.0813490250776427
10071,max-exp-cap,0.10690104166666661,0.08020833333333338,0.3258463541666667,0.3587239583333333,1.1007340953830231
10072,max-exp-cap-V,0.13040364583333336,0.10611979166666663,0.31472656250000003,0.34875,1.1125981820908928
10072,residual-s0,0.13066406249999998,0.1076822916666666,0.3146744791666667,0.3484375,1.1037571235831969
10072,ppo-s0,0.1352213541666666,0.11692708333333329,0.31376302083333335,0.34658854166666664,1.1024209750376117
10072,rolling-lp-V,0.1272786458333333,0.10690104166666661,0.31535156249999996,0.34859375000000004,1.0993963454229008
10072,max-exp-cap,0.10540364583333328,0.07903645833333328,0.3197265625,0.35416666666666663,1.0934903834907854
10073,max-exp-cap-V,0.13834635416666663,0.1309244791666667,0.30402343750000005,0.3341796875,1.181019429206927
10073,residual-s0,0.14023437499999997,0.13632812500000005,0.3036458333333333,0.33309895833333336,1.1873896373398407
10073,ppo-s0,0.1345052083333333,0.1306640625,0.3047916666666667,0.33423177083333333,1.1568954553498898
10073,rolling-lp-V,0.12884114583333325,0.12356770833333336,0.30592447916666665,0.3356510416666666,1.165253247083208
10073,max-exp-cap,0.10872395833333329,0.09309895833333337,0.30994791666666666,0.34174479166666666,1.150730686878267
10074,max-exp-cap-V,0.12532552083333337,0.10188802083333331,0.32391927083333333,0.35528645833333333,1.1155034919170468
10074,residual-s0,0.12089843750000004,0.09661458333333331,0.3248046875,0.3563411458333333,1.1074812919943844
10074,ppo-s0,0.12005208333333331,0.09817708333333328,0.3249739583333333,0.3560286458333334,1.0956433296220143
10074,rolling-lp-V,0.11627604166666666,0.09537760416666666,0.32572916666666674,0.35658854166666665,1.0988947481438052
10074,max-exp-cap,0.09895833333333334,0.0796223958333333,0.32919270833333336,0.35973958333333333,1.1153307379614499
10075,max-exp-cap-V,0.11458333333333329,0.09199218749999996,0.33850260416666667,0.36834635416666667,1.079274573979625
10075,residual-s0,0.12578124999999998,0.09765625000000003,0.33626302083333337,0.36721354166666664,1.0899377663081533
10075,ppo-s0,0.11249999999999993,0.08294270833333336,0.33891927083333334,0.37015624999999996,1.061816769622462
10075,rolling-lp-V,0.11256510416666665,0.08632812499999998,0.33890625,0.3694791666666667,1.0986757295104876
10075,max-exp-cap,0.08476562499999998,0.06263020833333335,0.3444661458333333,0.37421874999999993,1.0492062770810886
10076,max-exp-cap-V,0.1205078125,0.09674479166666669,0.3275,0.3589583333333334,1.0949997908774565
10076,residual-s0,0.12141927083333331,0.09570312500000003,0.3273177083333333,0.3591666666666667,1.0948723011126749
10076,ppo-s0,0.11959635416666667,0.09244791666666669,0.3276822916666667,0.3598177083333334,1.063240423402368
10076,rolling-lp-V,0.10468750000000004,0.08040364583333334,0.33066406249999997,0.36222656250000007,1.0508685432189597
10076,max-exp-cap,0.09095052083333333,0.06940104166666666,0.3334114583333333,0.36442708333333335,1.0615019882645789
10077,max-exp-cap-V,0.13763020833333328,0.12812500000000002,0.30634114583333333,0.3377864583333333,1.1144383339077155
10077,residual-s0,0.13489583333333327,0.12506510416666672,0.3068880208333334,0.3383984375,1.1072742384186796
10077,ppo-s0,0.13710937499999998,0.13346354166666669,0.3064453125,0.33671875,1.1232398931391214
10077,rolling-lp-V,0.12910156249999996,0.11673177083333336,0.308046875,0.34006510416666663,1.0956807882423756
10077,max-exp-cap,0.11328124999999992,0.09381510416666664,0.3112109375,0.34464843749999996,1.108428387381412
10078,max-exp-cap-V,0.14973958333333334,0.13059895833333332,0.31005208333333334,0.3425520833333333,1.1258072544248732
10078,residual-s0,0.1466796875,0.12643229166666667,0.3106640625,0.34338541666666667,1.1080403518311184
10078,ppo-s0,0.12695312499999994,0.10846354166666666,0.31460937499999997,0.34697916666666667,1.0301182074113964
10078,rolling-lp-V,0.11230468750000003,0.08919270833333331,0.3175390625,0.35083333333333333,0.9965077671497587
10078,max-exp-cap,0.09850260416666665,0.07454427083333331,0.3202994791666666,0.35376302083333333,1.0317908219510405
10079,max-exp-cap-V,0.12949218750000002,0.11477864583333333,0.31333333333333335,0.3455729166666667,1.0931675271960877
10079,residual-s0,0.1333984375,0.11809895833333334,0.31255208333333334,0.34490885416666667,1.0989765684029351
10079,ppo-s0,0.13515625,0.12786458333333336,0.3122005208333333,0.34295572916666667,1.1266559221245085
10079,rolling-lp-V,0.11972656250000002,0.10377604166666668,0.31528645833333335,0.3477734375,1.0860990584797594
10079,max-exp-cap,0.10377604166666668,0.08352864583333336,0.3184765625,0.3518229166666667,1.101285551483788
10080,max-exp-cap-V,0.13001302083333327,0.10638020833333334,0.31903645833333333,0.35367187499999997,1.0781153233256264
10080,residual-s0,0.13717447916666667,0.11686197916666663,0.31760416666666663,0.3515755208333333,1.0910147665024628
10080,ppo-s0,0.13710937499999992,0.11796874999999998,0.3176171875,0.35135416666666675,1.0810038125139256
10080,rolling-lp-V,0.13274739583333325,0.11171875,0.3184895833333333,0.3526041666666667,1.0832928406894298
10080,max-exp-cap,0.10846354166666664,0.08079427083333329,0.3233463541666667,0.3587890625,1.0819738597002826
10081,max-exp-cap-V,0.12037760416666662,0.10078124999999999,0.3152083333333333,0.3466666666666666,1.0857684313219196
10081,residual-s0,0.12447916666666664,0.10501302083333336,0.3143880208333333,0.3458203125,1.085997539012222
10081,ppo-s0,0.12376302083333332,0.10989583333333339,0.31453124999999993,0.34484375,1.0696085801475084
10081,rolling-lp-V,0.11601562499999998,0.09882812499999999,0.3160807291666667,0.34705729166666666,1.064297172905252
10081,max-exp-cap,0.09003906249999993,0.0736979166666667,0.3212760416666666,0.35208333333333336,1.0561467735962022
10082,max-exp-cap-V,0.1260416666666667,0.1014322916666667,0.3196744791666667,0.352578125,1.064142456218156
10082,residual-s0,0.13938802083333326,0.11549479166666668,0.31700520833333334,0.34976562499999997,1.0845560162762413
10082,ppo-s0,0.13424479166666667,0.11100260416666666,0.31803385416666663,0.35066406250000004,1.057046855281505
10082,rolling-lp-V,0.10885416666666667,0.08235677083333329,0.3231119791666667,0.35639322916666666,1.006019345780361
10082,max-exp-cap,0.09654947916666667,0.07148437499999996,0.32557291666666666,0.3585677083333333,1.034269836834354
10083,max-exp-cap-V,0.14244791666666673,0.12167968750000002,0.31040364583333335,0.34298177083333337,1.1299176229970969
10083,residual-s0,0.1455729166666667,0.12747395833333333,0.3097786458333333,0.3418229166666667,1.1384934602769765
10083,ppo-s0,0.138671875,0.123046875,0.31115885416666667,0.34270833333333334,1.1234620097202517
10083,rolling-lp-V,0.13541666666666669,0.11809895833333336,0.31180989583333335,0.3436979166666667,1.1306077105568502
10083,max-exp-cap,0.10930989583333334,0.08502604166666669,0.31703125,0.35031249999999997,1.1156952393238369
10084,max-exp-cap-V,0.1354817708333333,0.10572916666666668,0.3178515625,0.3512109375,1.1213486529910404
10084,residual-s0,0.13313802083333337,0.1029947916666667,0.3183203125,0.35175781249999993,1.1203712766345946
10084,ppo-s0,0.13248697916666666,0.10566406250000002,0.31845052083333336,0.3512239583333333,1.0968392914854537
10084,rolling-lp-V,0.11048177083333338,0.07786458333333335,0.3228515625,0.35678385416666664,1.0451129141086763
10084,max-exp-cap,0.10084635416666665,0.0712890625,0.3247786458333334,0.3580989583333333,1.0948758996822943
10085,max-exp-cap-V,0.1364583333333333,0.117578125,0.31270833333333337,0.3456640625,1.0945749003807461
10085,residual-s0,0.15071614583333331,0.13359375,0.30985677083333335,0.34246093749999995,1.1099329610390212
10085,ppo-s0,0.13854166666666665,0.12441406250000003,0.31229166666666663,0.344296875,1.0824865996253161
10085,rolling-lp-V,0.12910156249999993,0.11132812500000008,0.3141796875,0.3469140625,1.053269649675405
10085,max-exp-cap,0.10423177083333329,0.07916666666666675,0.31915364583333333,0.3533463541666667,1.0645727310499733
10086,max-exp-cap-V,0.12174479166666666,0.0921875,0.3291015625,0.36204427083333335,1.0657999088263321
10086,residual-s0,0.13255208333333338,0.10013020833333328,0.32694010416666663,0.3604557291666667,1.0844645137088118
10086,ppo-s0,0.13190104166666664,0.09700520833333329,0.32707031249999996,0.3610807291666667,1.072684862039939
10086,rolling-lp-V,0.11210937499999996,0.08066406249999994,0.33102864583333336,0.36434895833333336,1.0244909875903851
10086,max-exp-cap,0.09335937500000002,0.06738281249999994,0.33477864583333333,0.36700520833333333,1.0549612362446399
10087,max-exp-cap-V,0.14114583333333341,0.11608072916666673,0.3158463541666667,0.3501171875,1.1472629631517146
10087,residual-s0,0.1451822916666667,0.12011718750000003,0.31503906249999997,0.34930989583333333,1.1480809561245169
10087,ppo-s0,0.13997395833333337,0.11601562500000007,0.3160807291666667,0.3501302083333333,1.1233628223908814
10087,rolling-lp-V,0.12617187500000007,0.1004557291666667,0.31884114583333334,0.3532421875,1.1271043113611574
10087,max-exp-cap,0.10631510416666673,0.0787109375,0.3228125,0.3575911458333333,1.0980321569860356
10088,max-exp-cap-V,0.13613281249999998,0.11406250000000001,0.3154296875,0.34932291666666665,1.1208840498703703
10088,residual-s0,0.13828125,0.1196614583333333,0.31500000000000006,0.34820312500000006,1.1144436450484883
10088,ppo-s0,0.13548177083333332,0.12044270833333331,0.3155598958333333,0.348046875,1.0930609806705993
10088,rolling-lp-V,0.12480468750000001,0.10266927083333333,0.3176953125,0.3516015625,1.079964789643372
10088,max-exp-cap,0.10807291666666666,0.08020833333333335,0.3210416666666666,0.35609375000000004,1.0940610716494898
10089,max-exp-cap-V,0.1294921875000001,0.09986979166666662,0.32255208333333335,0.35583333333333333,1.0876991437372612
10089,residual-s0,0.13470052083333342,0.10345052083333334,0.32151041666666663,0.3551171875,1.0927771798568733
10089,ppo-s0,0.12161458333333339,0.09069010416666667,0.32412760416666664,0.35766927083333333,1.0490298850290172
10089,rolling-lp-V,0.12747395833333341,0.10156249999999997,0.3229557291666667,0.3554947916666667,1.1064768758742645
10089,max-exp-cap,0.09830729166666669,0.07154947916666665,0.3287890625,0.36149739583333335,1.0605055473799208
10090,max-exp-cap-V,0.13691406250000004,0.10677083333333331,0.3217838541666666,0.35670572916666665,1.1020490264300769
10090,residual-s0,0.14765625,0.11888020833333329,0.31963541666666667,0.3542838541666667,1.1171360630465208
10090,ppo-s0,0.14231770833333332,0.11399739583333332,0.320703125,0.35526041666666663,1.1244951047938072
10090,rolling-lp-V,0.12877604166666667,0.09843749999999998,0.3234114583333333,0.3583723958333333,1.1033988968734214
10090,max-exp-cap,0.11373697916666664,0.07975260416666663,0.32641927083333333,0.36210937500000007,1.1165088679027804
10091,max-exp-cap-V,0.13919270833333333,0.12447916666666672,0.3085416666666667,0.3408854166666667,1.1177502797607424
10091,residual-s0,0.14401041666666667,0.13027343750000006,0.3075781249999999,0.3397265625,1.120849198247617
10091,ppo-s0,0.1401041666666667,0.1291666666666667,0.308359375,0.3399479166666667,1.1122965025038845
10091,rolling-lp-V,0.14003906249999998,0.12688802083333336,0.30837239583333337,0.3404036458333333,1.1350131137963515
10091,max-exp-cap,0.11302083333333332,0.09029947916666672,0.31377604166666667,0.34772135416666666,1.0983849624035873
10092,max-exp-cap-V,0.13717447916666664,0.09980468749999996,0.32884114583333335,0.36298177083333333,1.1284739043368597
10092,residual-s0,0.1387369791666667,0.10221354166666663,0.3285286458333333,0.36250000000000004,1.1213936723366078
10092,ppo-s0,0.12740885416666667,0.08873697916666665,0.33079427083333335,0.36519531250000004,1.0914449887110855
10092,rolling-lp-V,0.12493489583333339,0.09069010416666662,0.33128906249999995,0.36480468749999995,1.1069062706563457
10092,max-exp-cap,0.09837239583333335,0.06874999999999998,0.3366015625,0.36919270833333334,1.0893053063063247
10093,max-exp-cap-V,0.11744791666666665,0.09003906250000007,0.32774739583333334,0.35998697916666667,1.0919071616811618
10093,residual-s0,0.1182942708333333,0.0877604166666667,0.327578125,0.36044270833333336,1.0925021464712048
10093,ppo-s0,0.12239583333333331,0.0887369791666667,0.32675781249999997,0.3602473958333333,1.076479062038153
10093,rolling-lp-V,0.10651041666666666,0.07805989583333336,0.32993489583333335,0.36238281250000004,1.0673185906597291
10093,max-exp-cap,0.08378906249999998,0.0595703125,0.33447916666666666,0.3660807291666667,1.0491063528463123
10094,max-exp-cap-V,0.1388020833333334,0.12805989583333333,0.3042317708333333,0.33555989583333334,1.11767735964936
10094,residual-s0,0.14173177083333335,0.13046874999999997,0.3036458333333334,0.335078125,1.1215295637040616
10094,ppo-s0,0.13893229166666668,0.1327473958333333,0.30420572916666666,0.3346223958333333,1.121447979281512
10094,rolling-lp-V,0.12467447916666669,0.1131510416666667,0.3070572916666666,0.33854166666666663,1.0932712340235575
10094,max-exp-cap,0.10885416666666672,0.09016927083333331,0.31022135416666663,0.34313802083333333,1.1058006042468622
10095,max-exp-cap-V,0.13606770833333331,0.1314453125,0.3037109375,0.3335677083333334,1.092005226392419
10095,residual-s0,0.1342447916666666,0.12897135416666664,0.30407552083333333,0.3340625,1.0811608078208137
10095,ppo-s0,0.13190104166666664,0.12942708333333333,0.30454427083333335,0.3339713541666667,1.0701994180299406
10095,rolling-lp-V,0.1083984375,0.09889322916666668,0.30924479166666663,0.34007812500000006,1.0178478468428651
10095,max-exp-cap,0.1118489583333333,0.09563802083333334,0.3085546874999999,0.34072916666666664,1.0771286124537476
10096,max-exp-cap-V,0.14459635416666664,0.13886718750000004,0.30028645833333334,0.33105468750000006,1.130339547816648
10096,residual-s0,0.14479166666666662,0.13756510416666667,0.30024739583333326,0.33131510416666665,1.129278086590161
10096,ppo-s0,0.14290364583333334,0.13691406249999996,0.300625,0.3314453125,1.1064944897592708
10096,rolling-lp-V,0.13808593749999995,0.1279947916666667,0.3015885416666667,0.3332291666666667,1.095119067905896
10096,max-exp-cap,0.11113281249999996,0.09622395833333339,0.3069791666666667,0.3395833333333333,1.0859939885177865
10097,max-exp-cap-V,0.12070312499999997,0.09342447916666666,0.3333984375,0.36520833333333336,1.0759594010507234
10097,residual-s0,0.13124999999999995,0.09856770833333334,0.3312890625,0.36417968749999996,1.0988824484876294
10097,ppo-s0,0.1265625,0.09427083333333336,0.3322265625,0.3650390625,1.0996318670177252
10097,rolling-lp-V,0.11614583333333334,0.08613281250000004,0.3343098958333333,0.3666666666666666,1.0975922566682537
10097,max-exp-cap,0.09459635416666665,0.07037760416666666,0.33861979166666667,0.36981770833333333,1.07926829111642
10098,max-exp-cap-V,0.13372395833333328,0.12994791666666666,0.3004557291666667,0.3303385416666666,1.1190352181650716
10098,residual-s0,0.1512369791666666,0.1455078125,0.296953125,0.32722656250000004,1.1422459570065586
10098,ppo-s0,0.1440104166666666,0.14095052083333331,0.2983984375,0.3281380208333333,1.1269586673457948
10098,rolling-lp-V,0.14348958333333325,0.13606770833333337,0.2985026041666667,0.3291145833333333,1.1202339112230593
10098,max-exp-cap,0.10898437499999997,0.0977864583333333,0.30540364583333335,0.33677083333333335,1.0990875088350098
10099,max-exp-cap-V,0.15273437499999998,0.12656250000000002,0.3146614583333333,0.3490755208333333,1.152002473688775
10099,residual-s0,0.14934895833333328,0.12285156250000007,0.31533854166666664,0.3498177083333333,1.135155956227048
10099,ppo-s0,0.1414713541666666,0.11595052083333338,0.3169140625,0.35119791666666667,1.1108556807906178
10099,rolling-lp-V,0.12877604166666665,0.10221354166666674,0.319453125,0.35394531250000005,1.0985488290325913
10099,max-exp-cap,0.11054687500000002,0.07942708333333334,0.32309895833333335,0.3585026041666667,1.0969815041521167
