setting,policy,reference,diff,ci_lo,ci_hi,wilcoxon_p,wins,n
bess_share=0.2,residual-retrained,max-exp-cap-V retuned,0.0013396516043272055,-0.0018708849840516992,0.004585912907001983,0.6108418935855868,50,100
bess_share=0.2,residual-retrained,max-exp-cap-V,0.0013396516043272123,-0.001870884984051682,0.004585912907001992,0.6108418935855868,50,100
bess_share=0.2,residual-retrained,residual-frozen-s0,-0.00226717256222148,-0.00427170268749526,-0.000262417164752148,0.041457350458652086,46,100
bess_share=0.2,residual-retrained,rolling-lp-V,0.038979457740073914,0.03325890590200861,0.04451778965505753,1.8511572479713263e-16,94,100
bess_share=0.2,max-exp-cap-V retuned,max-exp-cap-V,6.661338147750939e-18,-1.1102230246251566e-17,2.4424906541753444e-17,1.0,10,100
bess_share=0.3,residual-retrained,max-exp-cap-V retuned,0.002428008310142269,-0.0005205633738926629,0.0054623486720671716,0.14774720853713422,57,100
bess_share=0.3,residual-retrained,max-exp-cap-V,0.002428008310142271,-0.0005205633738926715,0.005462348672067165,0.14774720853713422,57,100
bess_share=0.3,residual-retrained,residual-frozen-s0,0.002839931274628178,-1.902806803500026e-05,0.005809632324596953,0.13384519328331276,55,100
bess_share=0.3,residual-retrained,rolling-lp-V,0.04498558635244865,0.038721971504639144,0.05116526306989607,2.964263914228315e-17,93,100
bess_share=0.3,max-exp-cap-V retuned,max-exp-cap-V,2.220446049250313e-18,-1.5543122344752193e-17,2.2204460492503132e-17,1.0,10,100
growth_mean=0.04,residual-retrained,max-exp-cap-V retuned,0.0022526105168913413,-0.0011766704858474548,0.005776818352438319,0.2020904051473783,53,100
growth_mean=0.04,residual-retrained,max-exp-cap-V,0.002252610516891332,-0.0011766704858474726,0.005776818352438317,0.2020904051473783,53,100
growth_mean=0.04,residual-retrained,residual-frozen-s0,-0.0007918917714276996,-0.003998422733676291,0.002360103783098535,0.9725715413852294,53,100
growth_mean=0.04,residual-retrained,rolling-lp-V,0.03142951302488239,0.026927428794338255,0.03613688284309193,1.1020511023218772e-16,91,100
growth_mean=0.04,max-exp-cap-V retuned,max-exp-cap-V,-8.881784197001253e-18,-2.7755575615628914e-17,9.992007221626408e-18,1.0,9,100
horizon_years=5,residual-retrained,max-exp-cap-V retuned,-0.00016526971620065223,-0.000938624881653548,0.0005830694481318688,0.9972566190976729,53,100
horizon_years=5,residual-retrained,max-exp-cap-V,0.002214523981158836,0.0008176222211525291,0.003609952447495379,0.0021872952496648154,65,100
horizon_years=5,residual-retrained,residual-frozen-s0,0.000941841930213384,0.00013082852772017752,0.0017599710534749607,0.02977871411538426,56,100
horizon_years=5,residual-retrained,rolling-lp-V,0.016600616645922397,0.012961398856772005,0.02030095421108336,3.593963932707818e-12,81,100
horizon_years=5,max-exp-cap-V retuned,max-exp-cap-V,0.002379793697359488,0.0011451069732674704,0.0036129160984658443,0.00018336434663245005,68,100
annual_budget_mw=0.125,residual-retrained,max-exp-cap-V retuned,-0.0029530426780270858,-0.006084568970913443,0.00015875710958127034,0.03030013505145983,39,100
annual_budget_mw=0.125,residual-retrained,max-exp-cap-V,0.0013776039459780032,-0.0023385424061716526,0.005171855827918891,0.5588737261094053,52,100
annual_budget_mw=0.125,residual-retrained,residual-frozen-s0,0.00044170202225672585,-0.0024442743292309066,0.0033389590284462964,0.6449883613873455,55,100
annual_budget_mw=0.125,residual-retrained,rolling-lp-V,0.02658950624521628,0.02085374687708221,0.03232310084943608,1.9466785470150746e-12,79,100
annual_budget_mw=0.125,max-exp-cap-V retuned,max-exp-cap-V,0.0043306466240050885,0.002620800926799873,0.006069272671170383,1.45278746053288e-05,69,100
annual_budget_mw=0.375,residual-retrained,max-exp-cap-V retuned,0.009086607301552602,0.004541381554033608,0.013503360410744953,5.750054383821226e-05,69,100
annual_budget_mw=0.375,residual-retrained,max-exp-cap-V,0.008862304563934807,0.0039808791654873015,0.013535490998608568,0.0006003677894692835,68,100
annual_budget_mw=0.375,residual-retrained,residual-frozen-s0,0.01119563907151909,0.005971991298036027,0.01633281571698517,6.460325535698146e-05,72,100
annual_budget_mw=0.375,residual-retrained,rolling-lp-V,0.02083210372304188,0.014853581151278994,0.02671064555377089,5.496459893247866e-09,77,100
annual_budget_mw=0.375,max-exp-cap-V retuned,max-exp-cap-V,-0.00022430273761779639,-0.0045675042321135055,0.003892303579251667,0.9972566190976729,54,100
bass,residual-retrained,max-exp-cap-V retuned,0.005086353865329952,2.415719436919681e-05,0.010187285364323239,0.07434398189444387,55,100
bass,residual-retrained,max-exp-cap-V,0.011693781219629456,0.0006251162550019309,0.02222929912367573,0.008792885656901764,63,100
bass,residual-retrained,residual-frozen-s0,0.013320699065221007,0.003613026335459985,0.02316741577071194,0.01491922177284782,63,100
bass,residual-retrained,rolling-lp-V,0.07670943546584859,0.0678460788150037,0.08540455606143883,2.964263914228315e-17,97,100
bass,max-exp-cap-V retuned,max-exp-cap-V,0.006607427354299505,-0.003749644996674222,0.01674775136279684,0.10683701447780916,56,100
