policy,scenario_seed,return_sum,return_disc,dpeak_frac_mean,dpeak_frac_final,dpeak_mw_final,overload_delta_sum,volt_delta_sum,overload_frac_sum,rpf_max_mw,offered_total_mw,installed_total_mw,budget_efficiency
accept-greedy,10000,0.8409134777005801,0.7536644426362031,0.08395462902005801,0.1109504917160843,0.5265381307817742,0.0,-0.002734375,0.0,0.0,2.49999999975,1.0236426693371978,0.5143768881016892
accept-greedy,10001,0.7743545670186042,0.6899579793140548,0.07719457128519375,0.12064550041719604,0.5734165219673514,0.0,-0.0048177083333333336,0.0,0.0,2.4999999997500004,0.998474970873334,0.5742923345046921
accept-greedy,10002,0.804417035684991,0.7173933931589759,0.0804417035684991,0.12576318064558178,0.5521268814659201,0.0,0.0,0.0,0.0,2.49999999975,1.0179188881363608,0.5424075414071273
accept-greedy,10003,0.7284907189310464,0.6473541271769507,0.0728165198097713,0.11923985781864635,0.5577474393395477,0.0,-0.0006510416666666666,0.0,0.0,2.4999999997500004,0.9661194885681477,0.5773068920969248
accept-greedy,10004,0.8256657384129227,0.7373930075119567,0.0823647509246256,0.12518697170488793,0.5927924722005228,0.0,-0.004036458333333334,0.0,0.0,2.49999999975,1.088277763108104,0.5447069602042744
accept-greedy,10005,0.7750851821645837,0.6900055848119455,0.07750851821645836,0.12530416579834583,0.567628133503466,0.0,0.0,0.0,0.0,2.49999999975,1.0119892497045757,0.5609033234979229
accept-greedy,10006,0.8077660338698675,0.7193795567835369,0.08077660338698675,0.12412804448355537,0.5500360150544034,0.0,0.0,0.0,0.0,2.49999999975,0.9971660264480783,0.5515992326911103
accept-greedy,10007,0.7958096400572213,0.7099039799354566,0.07932054733905546,0.11756940804523734,0.5573885629858741,0.0,-0.005208333333333333,0.0,0.0,2.4999999997500004,1.0361265943638316,0.537954112960592
accept-greedy,10008,0.8376712144612728,0.748818161116714,0.08365644436279394,0.12218833071573176,0.5752848695743833,0.0,-0.0022135416666666666,0.0,0.0,2.49999999975,1.067327450246456,0.538995665708349
accept-greedy,10009,0.8471700529973667,0.7568062087903259,0.08471700529973666,0.11917166648150851,0.5349342326536798,0.0,0.0,0.0,0.0,2.49999999975,1.0556059820003783,0.5067555904145
accept-greedy,10010,0.826244934522769,0.7407495566404013,0.0825854309522769,0.1199233345418838,0.5616708575876309,0.0,-0.00078125,0.0,0.0,2.4999999997499995,1.0002722945480882,0.5615179593086576
accept-greedy,10011,0.7496994956141946,0.668075548204379,0.07480718914475279,0.0991368797684652,0.47039080938699773,0.0,-0.0032552083333333335,0.00013020833333333333,0.0,2.49999999975,1.0300313641675374,0.45667620011470583
accept-greedy,10012,0.7818111668367144,0.697690552956876,0.07818111668367143,0.12577329988262878,0.5586756907441514,0.0,0.0,0.0,0.0,2.49999999975,1.0175284383058867,0.5490516723781275
accept-greedy,10013,0.8163602513918732,0.7290574583638307,0.08163602513918732,0.11453590494863594,0.5188034898276328,0.0,0.0,0.0,0.0,2.49999999975,1.0148219824875353,0.511226105445548
accept-greedy,10014,0.8116455219432809,0.7252115024883089,0.08100830219432809,0.12248724804004002,0.5798559233728483,0.0,-0.0031249999999999997,0.0,0.0,2.49999999975,0.9770378621771096,0.5934835750180341
accept-greedy,10015,0.7875082044435913,0.7019993908154675,0.07875082044435913,0.11258279224631673,0.5142706451850536,0.0,0.0,0.0,0.0,2.49999999975,1.0088857581831219,0.5097412080741345
accept-greedy,10016,0.7753421752356587,0.6906732153345682,0.07751468627356588,0.11712644525925461,0.5395776008327844,0.0,-0.000390625,0.0,0.0,2.4999999997500004,1.017739506469795,0.5301726005551287
accept-greedy,10017,0.7583531666457165,0.6751744272474764,0.07580276458123832,0.12016138590733105,0.5614181784542398,0.0,-0.0006510416666666666,0.0,0.0,2.49999999975,0.9947461353122422,0.5643833723244529
accept-greedy,10018,0.8053497136016449,0.7181998434645673,0.0797667421934978,0.11839122646417401,0.5738511182751599,0.0,-0.015364583333333333,0.0,0.0,2.4999999997500004,1.0098256718042777,0.5682675082421379
accept-greedy,10019,0.8162631167972353,0.7284645606032298,0.08162631167972353,0.12013312784435404,0.5404676512088982,0.0,0.0,0.0,0.0,2.49999999975,1.03077048642636,0.5243336497561915
accept-greedy,10020,0.8311087885232433,0.7436846500786924,0.08303926426899098,0.10817168902963284,0.5062029308231577,0.0,-0.0014322916666666666,0.0,0.0,2.4999999997500004,1.0501249625251219,0.48204066076664465
accept-greedy,10021,0.8357658469182445,0.7489310557160551,0.08342033469182446,0.10821730591996642,0.5108853576967822,0.0,-0.003125,0.0,0.0,2.4999999997499995,1.036715839106475,0.49279208286921156
accept-greedy,10022,0.7987221129561431,0.7134715599794195,0.07907794046228098,0.118073190370017,0.5720907960165332,0.0,-0.015885416666666666,0.0,0.0,2.49999999975,1.0209151850256795,0.5603705424384918
accept-greedy,10023,0.7735433203428448,0.6894760937584357,0.07734782161761782,0.11913241725248032,0.5493842586368674,0.0,-0.00013020833333333333,0.0,0.0,2.49999999975,1.0224356420643423,0.53732893889305
accept-greedy,10024,0.7324996838299822,0.6508784967469854,0.07280074963299822,0.11616365473534827,0.554663262571089,0.0,-0.008984375,0.0,0.0,2.49999999975,0.9966775365483802,0.5565122541960339
accept-greedy,10025,0.8599958218558839,0.7698187383505545,0.08599958218558838,0.12059177743525643,0.5414555885275567,0.0,0.0,0.0,0.0,2.49999999975,1.0373194571562336,0.5219757373605367
accept-greedy,10026,0.8474812314562374,0.7569477667919333,0.08473510231229041,0.12462278944451101,0.5800246385936798,0.0,-0.00026041666666666666,0.0,0.0,2.49999999975,1.097674471499229,0.5284122512218662
accept-greedy,10027,0.7571399476534278,0.6747205007609657,0.07570748434867611,0.1203955277684499,0.5524488765408527,0.0,-0.00013020833333333333,0.0,0.0,2.49999999975,0.9997247150069116,0.5526009993031266
accept-greedy,10028,0.757774506971606,0.6746196233435745,0.0757774506971606,0.12245552117177007,0.5549686998222255,0.0,0.0,0.0,0.0,2.49999999975,0.9824919346723002,0.5648582754089777
accept-greedy,10029,0.8560376023909666,0.7659726285877285,0.08534985398909667,0.12152962785210158,0.5803982939311736,0.0,-0.005078125,0.0,0.0,2.49999999975,1.0054271161792443,0.5772654074984208
accept-greedy,10030,0.7446275423117519,0.6652122048001802,0.07412421256450853,0.10615943119515034,0.5069472924375769,0.0,-0.0067708333333333336,0.0,0.0,2.4999999997500004,0.9671169602479721,0.5241840576424116
accept-greedy,10031,0.7651517435088024,0.6828472688209898,0.0763654347675469,0.12006316004021376,0.5673446909446529,0.0,-0.0029947916666666664,0.0,0.0,2.49999999975,1.0072116951898957,0.5632824694690305
accept-greedy,10032,0.8166699128265598,0.7285911278899447,0.08088574128265598,0.12193095559515364,0.5979704912779489,0.0,-0.015625,0.0,0.0,2.49999999975,1.0452168894479645,0.5721018262475355
accept-greedy,10033,0.7552874950898245,0.671560339826684,0.07502093700898244,0.12121334240568839,0.5881529771821679,0.0,-0.01015625,0.0,0.0,2.49999999975,0.9579689966632449,0.6139582588067006
accept-greedy,10034,0.8057036166810927,0.7200302874433663,0.08057036166810927,0.12469651296628687,0.5638747130644265,0.0,0.0,0.0,0.0,2.4999999997500004,1.0211739467078371,0.5521828233890047
accept-greedy,10035,0.8084271878302589,0.7219764731531992,0.0808036562830259,0.11790502682178508,0.5495939144404383,0.0,-0.00078125,0.0,0.0,2.4999999997500004,0.9934989415737155,0.5531902364887015
accept-greedy,10036,0.7280815548714455,0.6489701614317542,0.07280815548714456,0.11141435793187726,0.5096342765705999,0.0,0.0,0.0,0.0,2.49999999975,0.949895537204591,0.536516128994965
accept-greedy,10037,0.7995213213138668,0.7135972773520465,0.07989353838138667,0.118512346137287,0.5551323468840146,0.0,-0.001171875,0.0,0.0,2.49999999975,1.05418418144499,0.5265990105477435
accept-greedy,10038,0.763226609355285,0.678872689096486,0.07621849426886183,0.12375775692165168,0.5847764379425525,0.0,-0.0020833333333333333,0.0,0.0,2.49999999975,1.020001188452438,0.5733095652856881
accept-greedy,10039,0.889459467843235,0.7957609094106171,0.08691469678432351,0.12359026583888087,0.6297151214379947,-0.00013020833333333333,-0.04049479166666666,0.00013020833333333333,0.0,2.49999999975,1.1285201699189682,0.5580007679288626
accept-greedy,10040,0.8196183761668984,0.731143734366857,0.08195532720002317,0.12026735275589968,0.5547119847044492,0.0,-0.00013020833333333333,0.0,0.0,2.49999999975,1.031236056840083,0.5379098035072586
accept-greedy,10041,0.8013024684066867,0.7166009247203439,0.08013024684066868,0.10860469920050086,0.4887244902498187,0.0,0.0,0.0,0.0,2.4999999997500004,1.0330048093325936,0.47310959816883624
accept-greedy,10042,0.7669587450231995,0.6825286220264181,0.07669587450231995,0.12074553034355706,0.5448314635635957,0.0,0.0,0.0,0.0,2.49999999975,0.9995388170944152,0.545082846454508
accept-greedy,10043,0.870642074777025,0.7787450211841903,0.08705118664436917,0.11591259870808636,0.5372129283780396,0.0,-0.00026041666666666666,0.0,0.0,2.49999999975,1.0869458527033908,0.49424074533419826
accept-greedy,10044,0.7298156661439033,0.6473998877309793,0.07298156661439033,0.12135147373421792,0.5504175527550315,0.0,0.0,0.0,0.0,2.4999999997500004,0.9641707007124504,0.570871477787402
accept-greedy,10045,0.8160171510064015,0.7294417504120398,0.08154312135064015,0.11301604658216269,0.5258555053428591,0.0,-0.001171875,0.0,0.0,2.49999999975,1.001661809910547,0.524983083252241
accept-greedy,10046,0.7645573351130203,0.6805461299548569,0.07644922309463537,0.11008516206264739,0.5053610013466527,0.0,-0.00013020833333333333,0.0,0.0,2.49999999975,0.9953054527082862,0.5077446325362078
accept-greedy,10047,0.7733603498031892,0.6887941954248482,0.07733603498031892,0.1112110890906546,0.5087723561197462,0.0,0.0,0.0,0.0,2.4999999997500004,1.057673755868481,0.481029573908621
accept-greedy,10048,0.7342409213584145,0.6535303426177148,0.07278607130250811,0.11587113033024375,0.5619001477270876,0.0,-0.012760416666666666,0.0,0.0,2.49999999975,0.9708675119681915,0.5787608925011564
accept-greedy,10049,0.7276441655785492,0.6475839197442961,0.0723151978078549,0.11124292428577591,0.5373362750043452,0.0,-0.008984375,0.0,0.0,2.49999999975,0.9847800998473848,0.5456408746354829
accept-greedy,10050,0.7812048035671731,0.6964573252495615,0.07777542827338399,0.12547449894403137,0.5996265816051991,0.0,-0.006901041666666667,0.0,0.0,2.4999999997500004,1.0383949976634026,0.5774551908998785
accept-greedy,10051,0.7117132718592976,0.6327895200688762,0.07089788968592976,0.1189554842439255,0.5645074037747436,0.0,-0.00546875,0.0,0.0,2.49999999975,0.9526653569804617,0.5925558220821513
accept-greedy,10052,0.7880511919836345,0.7027645972366889,0.07880511919836344,0.12106459541288857,0.5438283087162394,0.0,0.0,0.0,0.0,2.4999999997500004,0.9546202760050587,0.5696802408095484
accept-greedy,10053,0.8074868248324272,0.7225304172783358,0.08064451581657604,0.12419852179101368,0.5803204851873802,0.0,-0.0020833333333333333,0.0,0.0,2.49999999975,1.0010245326240357,0.5797265364377805
accept-greedy,10054,0.7763290436065549,0.690936093905919,0.07760035227732216,0.12417783246013397,0.576228061350469,0.0,-0.0006510416666666666,0.00013020833333333333,0.0,2.49999999975,1.031500011327102,0.5586311730710584
accept-greedy,10055,0.7329722352981305,0.6535425306903971,0.07262014019647972,0.1142074872156907,0.5568008661933546,0.0,-0.013541666666666667,0.0,0.0,2.4999999997500004,1.0122785309982154,0.5500470958761607
accept-greedy,10056,0.8234404952272736,0.7353291839805691,0.08234404952272736,0.11793054670070359,0.525525084521209,0.0,0.0,0.0,0.0,2.4999999997500004,0.9910707372959454,0.5302599146001029
accept-greedy,10057,0.8393792485225245,0.7492463901964735,0.08393792485225246,0.12530562384546876,0.5588069363191261,0.0,0.0,0.0,0.0,2.4999999997500004,1.0909446529967188,0.5122229938834549
accept-greedy,10058,0.8037976388315298,0.7184697020719235,0.08035372221648632,0.12328062066466587,0.5742844216479043,0.0,-0.0005208333333333333,0.0,0.0,2.49999999975,1.0380538549920653,0.5532318182588841
accept-greedy,10059,0.8104810344702611,0.7244023232740906,0.0810481034470261,0.11633878000200588,0.5245920279463635,0.0,0.0,0.0,0.0,2.49999999975,1.0837031711700242,0.48407353775664025
accept-greedy,10060,0.816587044285505,0.7308386815620405,0.08119646484521717,0.11300903698105445,0.5442391512870981,0.0,-0.009244791666666667,0.0,0.0,2.49999999975,1.041983281892553,0.5223108285370924
accept-greedy,10061,0.8026827045344286,0.7159072563190995,0.08000785378677619,0.12021578230438733,0.5744592490334526,0.0,-0.005208333333333333,0.0,0.0,2.4999999997499995,0.9822405738930451,0.5848457743469317
accept-greedy,10062,0.7261115396139042,0.6485277638243979,0.07255256021139042,0.10089525943108393,0.4700340756307842,0.0,-0.0011718750000000002,0.0,0.0,2.49999999975,0.9837310982764926,0.4778074785419399
accept-greedy,10063,0.8825066212347873,0.7904807899648318,0.08821159962347871,0.1240201078121244,0.5775142812058893,0.0,-0.00078125,0.0,0.0,2.49999999975,1.088428773951161,0.5305944633468528
accept-greedy,10064,0.7620823276442436,0.6809223703747822,0.07568739943109101,0.11072060087220426,0.5351652887285873,0.0,-0.010416666666666666,0.0,0.0,2.49999999975,1.0104805276368152,0.5296146477757118
accept-greedy,10065,0.7216522687836413,0.6414900158401878,0.07212616437836414,0.11454657923360322,0.5375179458268985,0.0,-0.00078125,0.0,0.0,2.4999999997500004,0.9282604678574549,0.5790593959770358
accept-greedy,10066,0.7707386398310383,0.6862891319285855,0.07705433273310383,0.12045622914211969,0.5593491853115156,0.0,-0.000390625,0.0,0.0,2.49999999975,0.9606935821266313,0.5822347476011206
accept-greedy,10067,0.8550399507848818,0.7646059230378133,0.08549748466182153,0.12545990976583765,0.5788131093787606,0.0,-0.00013020833333333333,0.0,0.0,2.49999999975,1.0704305544549575,0.5407292485905179
accept-greedy,10068,0.7646482124994806,0.6803216533546823,0.07646482124994805,0.12241732534651883,0.5627545802787577,0.0,0.0,0.0,0.0,2.49999999975,0.9911362236870532,0.56778732007725
accept-greedy,10069,0.7172234989356169,0.6402206491905448,0.07171583947689501,0.10290526445120735,0.4762325871487255,0.0,-0.00013020833333333333,0.0,0.0,2.49999999975,0.9854989228243599,0.4832400889732904
accept-greedy,10070,0.7661508583826395,0.6838952580226757,0.07661508583826396,0.10680570901004298,0.4914323352415413,0.0,0.0,0.0,0.0,2.49999999975,0.993063174186759,0.4948651284385667
accept-greedy,10071,0.7876261172966816,0.7025804643639806,0.07876261172966817,0.11986314448208167,0.5480123829034,0.0,0.0,0.0,0.0,2.4999999997500004,1.0118711391896484,0.5415831736660389
accept-greedy,10072,0.7721935670209384,0.6900021983642113,0.0770305546187605,0.11328498184573126,0.5356894510996053,0.0,-0.0037760416666666667,0.0,0.0,2.49999999975,0.9656076900707234,0.5547692469810075
accept-greedy,10073,0.7909341915478223,0.7060766418124241,0.0789436795714489,0.11019210075853414,0.5197823799083208,0.0,-0.002994791666666667,0.0,0.0,2.49999999975,1.0119253585022412,0.5136568379684198
accept-greedy,10074,0.8520642913572511,0.7625309158739996,0.08478976246905844,0.12363485970700415,0.5946036207045572,0.0,-0.008333333333333333,0.0,0.0,2.49999999975,1.0783625610392162,0.551394903891636
accept-greedy,10075,0.7568568083966062,0.6730410762687898,0.07556198292299396,0.12375285588403413,0.5817132919842269,0.0,-0.0024739583333333332,0.0,0.0,2.49999999975,1.0052746774467372,0.5786610416385904
accept-greedy,10076,0.7621952591161485,0.6796617947562283,0.07617395299494818,0.11768967953580628,0.551812835438076,0.0,-0.0009114583333333333,0.0,0.0,2.49999999975,0.9269379317149565,0.5953072115812005
accept-greedy,10077,0.8571297568574794,0.7668261929936075,0.08571297568574794,0.12914798208866032,0.5940823075296384,0.0,0.0,0.0,0.0,2.49999999975,1.0588989242091067,0.5610377855217479
accept-greedy,10078,0.7985530737781825,0.7113411313389866,0.07975765112781825,0.12642959765831088,0.5926493601401844,0.0,-0.001953125,0.0,0.0,2.49999999975,1.0604279828529175,0.5588775190048767
accept-greedy,10079,0.8177012957985297,0.729899726596725,0.08177012957985297,0.12502164259206258,0.5727872302450105,0.0,0.0,0.0,0.0,2.49999999975,1.0348102494004598,0.553519092584237
accept-greedy,10080,0.8118395754333003,0.7260429174357823,0.08118395754333003,0.10778259162551868,0.48282539423747994,0.0,0.0,0.0,0.0,2.49999999975,1.0204145727933414,0.4731659142379416
accept-greedy,10081,0.7800505629545686,0.6940960560519124,0.0773540146287902,0.1193033297463116,0.5814866913010374,0.0,-0.013020833333333332,0.0,0.0,2.49999999975,1.0267280033769026,0.5663493051602089
accept-greedy,10082,0.6872651817292634,0.6118231208964713,0.06837495567292635,0.11351126876767897,0.5419857484773656,0.0,-0.007031249999999999,0.0,0.0,2.49999999975,0.9094927690775665,0.5959208988841802
accept-greedy,10083,0.8519813353147138,0.7612465363144423,0.08513953978147137,0.12019720165068792,0.5622581801631231,0.0,-0.001171875,0.0,0.0,2.4999999997500004,1.0410908101555851,0.5400664136869068
accept-greedy,10084,0.8746454608251392,0.7834370199716154,0.08746454608251392,0.1263064334407066,0.5789773280883009,0.0,0.0,0.0,0.0,2.49999999975,1.109279810905207,0.5219398409638748
accept-greedy,10085,0.8187175885049183,0.7315320405819632,0.08187175885049183,0.12406894457610011,0.5686956654181695,0.0,0.0,0.0,0.0,2.4999999997500004,1.0292115731476161,0.5525546741365719
accept-greedy,10086,0.8325269627425148,0.7447848600109194,0.08299227960758482,0.12097057936901444,0.5766693635994152,0.0,-0.005208333333333333,0.0,0.0,2.49999999975,1.0521743852830205,0.548073942556869
accept-greedy,10087,0.7398756547066747,0.659317064031841,0.07398756547066747,0.11132252225561425,0.5097429056137602,0.0,0.0,0.0,0.0,2.4999999997500004,0.9885829869843303,0.5156298584185932
accept-greedy,10088,0.7529297270406281,0.6711171799416888,0.07512370187072948,0.11812226025481105,0.5595343700850463,0.0,-0.0033854166666666668,0.0,0.0,2.49999999975,0.9736467557304838,0.5746790268563597
accept-greedy,10089,0.7171001663174577,0.6371588129103192,0.0703949124650791,0.12039655244184382,0.6003119463967105,0.0,-0.026302083333333334,0.0,0.0,2.49999999975,1.0017139777929356,0.5992847855825778
accept-greedy,10090,0.8322131923580757,0.7431494038817719,0.08310413173580757,0.1226266025176767,0.5750418152609991,0.0,-0.00234375,0.0,0.0,2.49999999975,1.1001753585943437,0.5226819622607347
accept-greedy,10091,0.7752887561764001,0.6906932597446438,0.07733356311764002,0.11271279739237577,0.532766034847812,0.0,-0.00390625,0.0,0.0,2.49999999975,1.0137679691783366,0.5255305464815793
accept-greedy,10092,0.8077047256517542,0.7212982834066837,0.08016500381517541,0.10979501493311476,0.532451652991589,0.0,-0.012109375,0.0,0.0,2.49999999975,1.035306556509605,0.5142937129526903
accept-greedy,10093,0.738650686376674,0.6574714546420821,0.07346142280433406,0.11304399268567905,0.5439942290433546,0.0,-0.008072916666666667,0.0,0.0,2.49999999975,0.9711037501586347,0.5601813698634058
accept-greedy,10094,0.7785070166702768,0.6946496496660651,0.07758377458369435,0.10852996853139875,0.5175029594582765,0.0,-0.005338541666666667,0.0,0.0,2.49999999975,1.0060880551846942,0.5143714377597646
accept-greedy,10095,0.8604997643457855,0.7694273864410862,0.08604346601791188,0.12284374975489255,0.5712631289145438,0.0,-0.00013020833333333333,0.0,0.0,2.49999999975,1.0924161024850765,0.5229354708476094
accept-greedy,10096,0.8247377076825401,0.7395443794756301,0.08243470826825401,0.10168423156224117,0.47238962059511685,0.0,-0.00078125,0.0,0.0,2.49999999975,1.0141547810723752,0.46579637488432324
accept-greedy,10097,0.8332599968889367,0.7458574917377299,0.08332599968889368,0.11008137116880641,0.5043182934553802,0.0,0.0,0.0,0.0,2.49999999975,1.0669017949342154,0.4726942028309889
accept-greedy,10098,0.7483129727271317,0.667433999804115,0.07483129727271318,0.12013572768970733,0.5249364996281642,0.0,0.0,0.0,0.0,2.49999999975,0.8780800889414793,0.5978230303126134
accept-greedy,10099,0.7585967574957644,0.6757826631157875,0.07453806116624312,0.11435205534942129,0.5631016947326644,0.0,-0.026432291666666666,0.0,0.0,2.49999999975,0.9806976159605805,0.5741848308472879
max-exp-cap,10000,0.8533559216129225,0.7632616895875013,0.08519887341129226,0.11149897526720152,0.5291410710599376,0.0,-0.002734375,0.0,0.0,2.49999999975,1.1498335976429575,0.4601892588150348
max-exp-cap,10001,0.8652909820607784,0.7729566917760443,0.08628821278941118,0.12384437347986306,0.5886204596149764,0.0,-0.0048177083333333336,0.0,0.0,2.49999999975,1.1392615162211823,0.5166684305877128
max-exp-cap,10002,0.8862672982711055,0.792590627688906,0.08862672982711055,0.12668847751892384,0.5561891298480459,0.0,0.0,0.0,0.0,2.49999999975,1.203398732369848,0.46218191434583367
max-exp-cap,10003,0.8527955572279992,0.759780548893609,0.08524700363946658,0.12708102105140157,0.5944246779283776,0.0,-0.0006510416666666666,0.0,0.0,2.4999999997500004,1.1777287430275178,0.5047212114398475
max-exp-cap,10004,0.8901939761001233,0.7966194101567513,0.08888267886001233,0.12586357828116562,0.5923048590422241,0.0,-0.002734375,0.0,0.0,2.49999999975,1.2295367360690188,0.48173010343383155
max-exp-cap,10005,0.8578820815936519,0.7657075734806326,0.08578169774269852,0.11770011728083322,0.5391191447317333,0.0,-0.00013020833333333333,0.0,0.0,2.49999999975,1.185317237527944,0.4548311014662212
max-exp-cap,10006,0.8858830964078817,0.7912290359498635,0.08858830964078816,0.1280389081065511,0.5660844919729421,0.0,0.0,0.0,0.0,2.4999999997500004,1.197459069797592,0.4727380720149609
max-exp-cap,10007,0.8582922957101713,0.7662187371122875,0.08556881290435046,0.11787913408431196,0.5586427549791115,0.0,-0.005208333333333333,0.0,0.0,2.4999999997500004,1.1699288416089475,0.4775014813814118
max-exp-cap,10008,0.8693258920757876,0.7775463518423218,0.08680889129091209,0.12218833071573203,0.5755019546219282,0.0,-0.0024739583333333332,0.0,0.0,2.49999999975,1.1837584368109964,0.48616502888233704
max-exp-cap,10009,0.8900106503922318,0.7954217632737504,0.08900106503922318,0.11993675513111546,0.5383685398323332,0.0,0.0,0.0,0.0,2.49999999975,1.2029376160726708,0.44754485406316347
max-exp-cap,10010,0.8788215467288001,0.7867728247024351,0.08779751925621335,0.12315195963852729,0.5744983202726144,0.0,-0.0016927083333333334,0.0,0.0,2.49999999975,1.2104789988716906,0.4746041201938362
max-exp-cap,10011,0.8539959835186515,0.7641818630108833,0.08535402543519849,0.10185161292897489,0.47373030536242366,0.0,-0.0009114583333333333,0.0,0.0,2.49999999975,1.1787611305207049,0.40188829873713133
max-exp-cap,10012,0.8139413399557148,0.7258926091191474,0.08139413399557148,0.1274273345404561,0.5660227902942051,0.0,0.0,0.0,0.0,2.49999999975,1.1494933463733976,0.49241067125789184
max-exp-cap,10013,0.9361041520093303,0.8380316013151089,0.09361041520093302,0.1273354454252054,0.5726808013785926,0.0,0.0,0.0,0.0,2.49999999975,1.2433021853548916,0.4606127200002669
max-exp-cap,10014,0.8683994170467224,0.7748124081829864,0.08668369170467224,0.13148465618522642,0.6224497483748109,0.0,-0.0031249999999999997,0.0,0.0,2.49999999975,1.190434077463186,0.522876285347317
max-exp-cap,10015,0.8116410615741732,0.7227979393817073,0.08116410615741732,0.11395008897205706,0.520516364937389,0.0,0.0,0.0,0.0,2.49999999975,1.2015308450615263,0.4332109883627125
max-exp-cap,10016,0.8082586731300531,0.7198010014270151,0.0808063360630053,0.11833065301079086,0.5451251398880331,0.0,-0.000390625,0.0,0.0,2.49999999975,1.142906264400666,0.47696399684526525
max-exp-cap,10017,0.8465627384818614,0.7556820343127466,0.0846237217648528,0.1274253311858627,0.5953567927259623,0.0,-0.0006510416666666666,0.0,0.0,2.4999999997500004,1.1832037356123688,0.5031735235503078
max-exp-cap,10018,0.8596750328107536,0.7670478485565664,0.08549224286440871,0.12195029780747334,0.5852012501594455,0.0,-0.009505208333333333,0.0,0.0,2.49999999975,1.1326719012254058,0.516655573009565
max-exp-cap,10019,0.8682583877552857,0.7769153203368668,0.08681932835886191,0.12493386665234348,0.5792556501264203,0.0,-0.00013020833333333333,0.0,0.0,2.4999999997500004,1.1800118839125937,0.49088967494612723
max-exp-cap,10020,0.8438342025361942,0.7538245174778534,0.08438342025361942,0.11009524940649523,0.505084710759641,0.0,0.0,0.0,0.0,2.49999999975,1.209290889782349,0.4176701528368805
max-exp-cap,10021,0.8541526580671038,0.7640423802549599,0.08471865122337705,0.11140944043152398,0.5378553100405324,0.0,-0.013932291666666666,0.0,0.0,2.49999999975,1.1486328053177965,0.46825696388823057
max-exp-cap,10022,0.8822703925714113,0.7881843586487379,0.0882140184238078,0.12835930845768248,0.5969196213767696,0.0,-0.00026041666666666666,0.0,0.0,2.49999999975,1.1662759680379864,0.5118167892809804
max-exp-cap,10023,0.834674539784759,0.7447223634070359,0.08346094356180925,0.12362602990310707,0.5701067463660788,0.0,-0.00013020833333333333,0.0,0.0,2.4999999997500004,1.1652106912640552,0.48927352850462613
max-exp-cap,10024,0.8057512240867893,0.7172160314004249,0.08012590365867894,0.11999897250267363,0.5729763043798038,0.0,-0.008984375,0.0,0.0,2.4999999997500004,1.1573338399247108,0.49508299560054186
max-exp-cap,10025,0.918872154723501,0.8224611819559562,0.0918872154723501,0.1274285053930041,0.5770594753348132,0.0,0.0,0.0,0.0,2.49999999975,1.1569828520716505,0.4987623406012906
max-exp-cap,10026,0.8628181185313485,0.7701107016053925,0.08623623893646817,0.12545639633694727,0.5865199063779637,0.0,-0.0009114583333333333,0.0,0.0,2.49999999975,1.2229136850671032,0.479608588520931
max-exp-cap,10027,0.8888035120970019,0.7938331582469638,0.08885430954303353,0.12570278631875517,0.5843303576005769,0.0,-0.0005208333333333333,0.0,0.0,2.49999999975,1.2293407783228092,0.475320080407468
max-exp-cap,10028,0.887999099014186,0.7932425932875723,0.0887999099014186,0.12493360023396456,0.566130308170098,0.0,0.0,0.0,0.0,2.49999999975,1.2495507488071758,0.45306707927671397
max-exp-cap,10029,0.8818663837840359,0.7882372235804891,0.08793273212840359,0.12479933392323724,0.5960136780879739,0.0,-0.005078125,0.0,0.0,2.49999999975,1.1561641073496942,0.5155095840626224
max-exp-cap,10030,0.80240098832328,0.7173847379170462,0.07990155716566133,0.10848345082462006,0.5180452744582763,0.0,-0.0067708333333333336,0.0,0.0,2.49999999975,1.1090174926307836,0.467120922709147
max-exp-cap,10031,0.8273706202918181,0.7383436392299799,0.08258732244584847,0.12384029891292346,0.5851931274315384,0.0,-0.0029947916666666664,0.0,0.0,2.49999999975,1.2335434093226085,0.4744001086697816
max-exp-cap,10032,0.857850083297433,0.7648201092285674,0.08497120624640997,0.126821735136483,0.6219557198918474,0.0,-0.016276041666666664,0.0,0.0,2.49999999975,1.1585393611633097,0.5368447035475176
max-exp-cap,10033,0.8933415184379233,0.7976447720717175,0.08882633934379233,0.13406124381887516,0.6504937337089359,0.0,-0.01015625,0.0,0.0,2.49999999975,1.1908325937701298,0.5462512003047364
max-exp-cap,10034,0.8250448145321702,0.7369296313531014,0.08250448145321701,0.1256267061725004,0.5622003902945844,0.0,0.0,0.0,0.0,2.49999999975,1.1134315345710375,0.5049258736067491
max-exp-cap,10035,0.9074966113022898,0.8120022693654375,0.09071059863022897,0.12146126165877297,0.5661706887936121,0.0,-0.00078125,0.0,0.0,2.49999999975,1.2471915470869386,0.4539564833613692
max-exp-cap,10036,0.7750979741476159,0.690468340929125,0.07741865158142826,0.11695754059673659,0.5485411503912082,0.0,-0.0018229166666666667,0.0,0.0,2.49999999975,1.1311677700482052,0.4849335040440835
max-exp-cap,10037,0.8766476710433102,0.7829686577722759,0.08713742335433103,0.13121714857835043,0.6414833507052444,0.0,-0.010546874999999999,0.0,0.0,2.4999999997500004,1.1445064370183182,0.5604890719325655
max-exp-cap,10038,0.8494593662886447,0.7576503969929674,0.0848417699621978,0.1262307734257099,0.5964618612904551,0.0,-0.0020833333333333333,0.0,0.0,2.49999999975,1.2537249194094033,0.47575177940264
max-exp-cap,10039,0.8533445727433614,0.7604219285553734,0.08388263435766947,0.1252218701987254,0.6228597348862067,0.0,-0.029036458333333334,0.0,0.0,2.49999999975,1.1256842401405285,0.5533165630962817
max-exp-cap,10040,0.903175990748274,0.8075180906449174,0.09031108865816075,0.1237932117689736,0.5709743884749883,0.0,-0.00013020833333333333,0.0,0.0,2.49999999975,1.244284182962878,0.45887780001782985
max-exp-cap,10041,0.8488155710290269,0.759993404428186,0.0848815571029027,0.11137228711293419,0.5011787210674784,0.0,0.0,0.0,0.0,2.49999999975,1.166764091846421,0.42954589069874083
max-exp-cap,10042,0.8583834906080923,0.7650746743923404,0.08583834906080923,0.1258029368026628,0.5769765798463617,0.0,0.0,0.0,0.0,2.49999999975,1.2065201810573822,0.4782154404916006
max-exp-cap,10043,0.8690317697171409,0.7764354713910127,0.0869031769717141,0.11591259870808611,0.5283064594797298,0.0,0.0,0.0,0.0,2.4999999997500004,1.188374124219179,0.4445624056539042
max-exp-cap,10044,0.783388725114121,0.6972331959596418,0.07833887251141211,0.12323620564015052,0.5567603445803334,0.0,0.0,0.0,0.0,2.4999999997500004,1.0506091840678644,0.529940488835827
max-exp-cap,10045,0.8813539295884556,0.787738045122174,0.08812237212551222,0.11834586923428664,0.5431334217383874,0.0,-0.00026041666666666666,0.0,0.0,2.4999999997500004,1.190845170544188,0.45609071201942086
max-exp-cap,10046,0.8457402493442143,0.7536617888382711,0.08456751451775477,0.11385933292995408,0.5226868491995182,0.0,-0.00013020833333333333,0.0,0.0,2.49999999975,1.2243546458418688,0.42690804578122676
max-exp-cap,10047,0.8415416579801874,0.7517573384109387,0.08415416579801874,0.11230054911878902,0.5137564557265796,0.0,0.0,0.0,0.0,2.49999999975,1.1278635070202039,0.4555129699017529
max-exp-cap,10048,0.8306775055757994,0.7414717323010196,0.08275525055757993,0.12275123822852767,0.5882188925452975,0.0,-0.00625,0.0,0.0,2.49999999975,1.1820408496926627,0.49762991921830596
max-exp-cap,10049,0.894331032224998,0.7992451422717168,0.08931591572249979,0.12748117094247613,0.6027125720204022,0.0,-0.00234375,0.0,0.0,2.49999999975,1.247806689296858,0.4830175837252741
max-exp-cap,10050,0.8749248723051872,0.7817720680614483,0.08648337264718539,0.12707653744087308,0.6222297278926199,0.0,-0.020182291666666664,0.0,0.0,2.49999999975,1.2715993321820718,0.48932844815581183
max-exp-cap,10051,0.8440420504281501,0.7528494096534577,0.08367503837614834,0.11816934209574999,0.578910369965115,0.0,-0.014583333333333332,0.0,0.0,2.49999999975,1.2106338963128636,0.47818780865814076
max-exp-cap,10052,0.8887268910419523,0.794197912611339,0.08881409535419524,0.12647789476205898,0.5916845405507538,0.0,-0.001171875,0.0,0.0,2.4999999997500004,1.1232454356173132,0.5267633606946961
max-exp-cap,10053,0.8251751837664281,0.7371711225281081,0.08241335170997613,0.12715180822715602,0.5941197848312463,0.0,-0.0020833333333333333,0.0,0.0,2.49999999975,1.1260633479022133,0.5276077815142948
max-exp-cap,10054,0.8834419941551472,0.7890947919820264,0.08818143899884806,0.12546046062555136,0.591114122746616,-0.00013020833333333333,-0.003125,0.0,0.0,2.49999999975,1.1817015041009986,0.5002228741312444
max-exp-cap,10055,0.7845062799410225,0.7003500621961486,0.07777354466076891,0.11789315401415625,0.5747697622431378,0.0,-0.013541666666666667,0.0,0.0,2.49999999975,1.154616234120039,0.49780155973745144
max-exp-cap,10056,0.8675869124777033,0.7753490161546527,0.08675869124777033,0.11890384241033776,0.5298623094758914,0.0,0.0,0.0,0.0,2.49999999975,1.1590071877830366,0.4571691315300802
max-exp-cap,10057,0.8473745215001733,0.7566355554064922,0.08473745215001734,0.1253056238454684,0.574724836580092,0.0,0.0,0.0,0.0,2.49999999975,1.1440035468112026,0.502380292597939
max-exp-cap,10058,0.9073364770970571,0.8117657866590823,0.09073364770970571,0.12355915407771481,0.5686935101283952,0.0,0.0,0.0,0.0,2.49999999975,1.2061208537397534,0.4715062411574082
max-exp-cap,10059,0.8926618019605156,0.8004083943475043,0.08926618019605156,0.11633878000200588,0.5245920279463635,0.0,0.0,0.0,0.0,2.49999999975,1.196577182331644,0.43841052269118674
max-exp-cap,10060,0.8545703865370339,0.7632720789477482,0.08527474698703671,0.1275409589267461,0.603565438241234,0.0,-0.0036458333333333334,0.0,0.0,2.49999999975,1.1903783463890358,0.5070366409739602
max-exp-cap,10061,0.8627244701579686,0.7699133661555443,0.08618130118246352,0.12733829426975007,0.5979969403927926,0.0,-0.0018229166666666667,0.0,0.0,2.49999999975,1.1788838430755328,0.5072568802306319
max-exp-cap,10062,0.8429168606836914,0.7543531414956003,0.08429168606836915,0.10453251493672173,0.4678002133364594,0.0,0.0,0.0,0.0,2.4999999997500004,1.1825857763489256,0.3955740232059357
max-exp-cap,10063,0.8958011126863444,0.8018201972225323,0.08954104876863445,0.12464614226200164,0.5804294845685463,0.0,-0.00078125,0.0,0.0,2.49999999975,1.237016408681717,0.4692172880609623
max-exp-cap,10064,0.8447890742770148,0.7538017764372916,0.08400364701103481,0.11144562462424767,0.5330667917184228,0.0,-0.009505208333333334,0.0,0.0,2.49999999975,1.1980358289294264,0.44495062572108146
max-exp-cap,10065,0.83976075442243,0.7481419855919338,0.083976075442243,0.12393552965472644,0.5696252678264313,0.0,0.0,0.0,0.0,2.49999999975,1.1680988528245702,0.48765159425422355
max-exp-cap,10066,0.8715363592126386,0.7790485852536049,0.08680207342126386,0.12380692103853656,0.5911062022591904,0.0,-0.00703125,0.0,0.0,2.4999999997500004,1.1671994822487906,0.5064311724336381
max-exp-cap,10067,0.9021127112058971,0.8071005570864795,0.09016569820392303,0.12826502943351584,0.5981177089649096,0.0,-0.0009114583333333333,0.0,0.0,2.49999999975,1.1817300092375378,0.5061373615711259
max-exp-cap,10068,0.8539819312280892,0.7621015486625201,0.08527449520614225,0.12487965262820655,0.5890417066355349,0.0,-0.0024739583333333332,0.0,0.0,2.49999999975,1.1988702204004422,0.49133066833438016
max-exp-cap,10069,0.8089295435725107,0.7239617304324233,0.0808864439405844,0.10711079149964829,0.4956952359965171,0.0,-0.00013020833333333333,0.0,0.0,2.49999999975,1.1478449851675139,0.4318485879207605
max-exp-cap,10070,0.8103353481612343,0.7229193890654333,0.08103353481612344,0.10922418127553203,0.5025601624350711,0.0,0.0,0.0,0.0,2.49999999975,1.1451531762436136,0.43885846265876244
max-exp-cap,10071,0.864104957560703,0.7715694908627593,0.0863714332560703,0.12597514892681855,0.5849534103184897,0.0,-0.00078125,0.0,0.0,2.4999999997500004,1.1639655579883834,0.5025521642834793
max-exp-cap,10072,0.86630268454733,0.7743881972093781,0.08661724762139966,0.11711713283168551,0.5446387268594344,0.0,-0.00026041666666666666,0.0,0.0,2.49999999975,1.2034671002400046,0.45255805227315177
max-exp-cap,10073,0.8786373807873707,0.7865273412080407,0.08771399849540375,0.11367768611511893,0.5362240834383165,0.0,-0.002994791666666667,0.0,0.0,2.49999999975,1.1332019127620159,0.47319376838267757
max-exp-cap,10074,0.9356655763084096,0.8385772326988857,0.09356655763084096,0.1264266981676891,0.5656914124271197,0.0,0.0,0.0,0.0,2.4999999997500004,1.2534522461780098,0.4513067124431821
max-exp-cap,10075,0.8120355528561507,0.7230631752963201,0.08107985736894842,0.12851667177889867,0.604106108754494,0.0,-0.0024739583333333332,0.0,0.0,2.49999999975,1.1585537596888227,0.5214312272541859
max-exp-cap,10076,0.8522160180997819,0.7599697924651017,0.08482446639331151,0.12406558679081509,0.5978037819530991,0.0,-0.007942708333333333,0.0,0.0,2.49999999975,1.1515482560572976,0.5191304652745306
max-exp-cap,10077,0.8807274729468818,0.7883244106519998,0.0878709243780215,0.12129920616084225,0.5747950275180901,0.0,-0.004036458333333334,0.0,0.0,2.49999999975,1.2373702830419184,0.46452952313112705
max-exp-cap,10078,0.8594523001318147,0.7662608944460811,0.08584757376318147,0.1281753486057341,0.6008327143635416,0.0,-0.001953125,0.0,0.0,2.4999999997500004,1.2422648974652937,0.4836590936357256
max-exp-cap,10079,0.9103085136318927,0.8138053834676824,0.09103085136318927,0.12828454336056097,0.5877362251150489,0.0,0.0,0.0,0.0,2.49999999975,1.251551215634678,0.46960621169386196
max-exp-cap,10080,0.9406990003106076,0.8447911221526417,0.09406990003106076,0.11607321138082863,0.5263965856737068,0.0,0.0,0.0,0.0,2.49999999975,1.267773990691803,0.41521327108663986
max-exp-cap,10081,0.8801629842693482,0.7855303816112605,0.08777541301026817,0.12951322595176495,0.6172805258106046,0.0,-0.0048177083333333336,0.0,0.0,2.49999999975,1.1797091459932627,0.5232480632256875
max-exp-cap,10082,0.7328983012723403,0.6529540640469924,0.07328983012723403,0.10959351804853565,0.4974149414327317,0.0,0.0,0.0,0.0,2.49999999975,1.0607834982617952,0.46891278215375537
max-exp-cap,10083,0.8750635340936714,0.7816267450796339,0.08750635340936715,0.12468852529491929,0.5698340393404019,0.0,0.0,0.0,0.0,2.49999999975,1.2258863774711632,0.46483430260143027
max-exp-cap,10084,0.8632574288870077,0.7711327983207908,0.08632574288870078,0.12663618208720975,0.5804888662189597,0.0,0.0,0.0,0.0,2.4999999997500004,1.2319092755900591,0.47121072770632194
max-exp-cap,10085,0.8721149264682679,0.7805262583644366,0.08721149264682679,0.12585548837030644,0.5714030428297097,0.0,0.0,0.0,0.0,2.49999999975,1.1769290461824808,0.48550339095048095
max-exp-cap,10086,0.8635169206204962,0.7715572619028745,0.08609127539538294,0.12097744207805387,0.5767020782815716,0.0,-0.005208333333333333,0.0,0.0,2.49999999975,1.25519047557325,0.4594538354971103
max-exp-cap,10087,0.8483416186053478,0.757555772429937,0.08483416186053479,0.1163921904503849,0.5329567831269401,0.0,0.0,0.0,0.0,2.49999999975,1.1908938917620084,0.44752667455401446
max-exp-cap,10088,0.8592832999485619,0.7674501987852216,0.08575905916152285,0.12322202799018644,0.583691504576359,0.0,-0.0033854166666666668,0.0,0.0,2.49999999975,1.2013253703285003,0.48587295248476237
max-exp-cap,10089,0.8286342475184393,0.7386785773249158,0.08176967475184392,0.12834415270854396,0.6341507231466067,0.0,-0.021875000000000002,0.0,0.0,2.49999999975,1.2008730038327906,0.5280747598810255
max-exp-cap,10090,0.8823139529743411,0.7878532955275251,0.08606993696410078,0.1249431758830218,0.6290733051368234,0.0,-0.043229166666666666,0.0,0.0,2.49999999975,1.176852537856523,0.5345387675184818
max-exp-cap,10091,0.8259810831186146,0.7372238011705906,0.08240279581186147,0.11513211329356272,0.5442015538797159,0.0,-0.00390625,0.0,0.0,2.4999999997500004,1.1611766862240105,0.4686638651430264
max-exp-cap,10092,0.8652989571539409,0.7729757420849583,0.08592442696539408,0.11197442427439062,0.5430207130442204,0.0,-0.012109375,0.0,0.0,2.4999999997500004,1.1828641122866554,0.4590727771717405
max-exp-cap,10093,0.835436541676525,0.7438797156565943,0.08314000833431918,0.12217330373224661,0.5879266168375771,0.0,-0.008072916666666667,0.0,0.0,2.49999999975,1.1625955382079094,0.5057017660190236
max-exp-cap,10094,0.8105352585811678,0.7220617103704005,0.08101446335811678,0.11289255090674752,0.5291156476792139,0.0,-0.00078125,0.0,0.0,2.49999999975,1.1652185861597206,0.4540913215459869
max-exp-cap,10095,0.8735454999070092,0.780278236557869,0.08734803957403425,0.12284374975489255,0.5712631289145438,0.0,-0.00013020833333333333,0.0,0.0,2.49999999975,1.1799143073995702,0.4841564555425713
max-exp-cap,10096,0.8933057528414202,0.7983937440229673,0.08933057528414202,0.1269818449793372,0.5795551786838105,0.0,0.0,0.0,0.0,2.49999999975,1.1981582025328008,0.4837050545234193
max-exp-cap,10097,0.8605600178983696,0.770126923933527,0.08605600178983695,0.11040140301550368,0.505784462645172,0.0,0.0,0.0,0.0,2.49999999975,1.1552518515652248,0.43781315906128687
max-exp-cap,10098,0.819302041358177,0.7302765558129427,0.0819302041358177,0.1277415850638031,0.5581705110534845,0.0,0.0,0.0,0.0,2.49999999975,1.1009059990596903,0.5070101457619733
max-exp-cap,10099,0.8779028065165142,0.7840272797571696,0.08616918690165143,0.11835003931182649,0.5911425461458011,-0.00013020833333333333,-0.03229166666666666,0.0,0.0,2.49999999975,1.1631501389516958,0.5082254872776579
