policy,return_mean,dpeak_mean_pct,dpeak_final_pct,installed_mw,offered_mw
oracle,1.014974756626171,10.128504076678373,11.781717401480707,0.9927544798500705,1.3256483865903386
max-exp-cap,0.9859236417751097,9.837875740667764,12.253801714556792,1.5018635914693974,2.49999999975
ppo,0.970274076640759,9.681385297657586,12.235095687983547,1.4025709797605368,2.491946896161356
sac,0.9696424654513818,9.675086112847147,12.20714704698408,1.292233360007811,2.489878017947941
accept-greedy,0.968648220580114,9.665186632884474,12.2378004735734,1.4230927872323391,2.49999999975
rolling-lp,0.9524589869030264,9.50380861903026,11.793889593734672,0.995963750017321,1.623240323842224
peak-first,0.9312574206751677,9.291220040085005,12.239743406976313,1.423253946720705,2.49999999975
cf-static,0.9063016332471265,9.04231320747126,11.916689288035347,1.0276621347727959,2.4999999997499995
random,0.8920213116390616,8.898839418473946,12.194489807409473,1.2470817261297666,2.49999999975
cf-adaptive,0.8663026430458421,8.643260805458416,10.519325161244291,0.8441370391464436,2.49999999975
dqn,0.836282976134675,8.342364917596745,11.193418479606482,0.9340873276793756,2.498078125
