setting,policy,return,peak_term,tr_term,v_term,installed_mw
nominal,accept-greedy,0.9686482205801141,0.9665186632884474,6.510416666665e-07,0.0021289062499999884,1.4230927872323393
nominal,cf-adaptive,0.8663026430458421,0.8643260805458423,6.510416666665e-07,0.0019759114583333213,0.8441370391464434
nominal,cf-static,0.9063016332471265,0.9042313207471264,6.510416666665e-07,0.002069661458333322,1.0276621347727959
nominal,dqn,0.836282976134675,0.834236491759675,3.906249999998999e-07,0.002046093749999988,0.9340873276793756
nominal,max-exp-cap,0.9859236417751097,0.9837875740667765,6.510416666665e-07,0.0021354166666666553,1.5018635914693976
nominal,oracle,1.014974756626171,1.0128504076678377,6.510416666665e-07,0.002123697916666655,0.9927544798500705
nominal,peak-first,0.9312574206751677,0.9291220040085011,6.510416666665e-07,0.002134765624999989,1.4232539467207048
nominal,ppo,0.9702740766407589,0.968138529765759,6.510416666665e-07,0.0021348958333333224,1.4025709797605368
nominal,random,0.8920213116390617,0.889883941847395,6.510416666665e-07,0.0021367187499999898,1.2470817261297666
nominal,rolling-lp,0.9524589869030264,0.9503808619030265,0.0,0.002078124999999988,0.9959637500173208
nominal,sac,0.9696424654513817,0.967508611284715,6.510416666665e-07,0.002133203124999989,1.292233360007811
bass,accept-greedy,0.7917654158408027,0.7898904158408026,6.510416666665e-07,0.0018743489583333214,1.015791363518224
bass,max-exp-cap,0.8591133267970715,0.8571530403387382,1.302083333333e-06,0.0019589843749999885,1.182528559090368
bass,peak-first,0.7582097616533389,0.7565958293616722,1.302083333333e-06,0.0016126302083333244,1.163276510931786
bass,ppo-bass,0.8615794238491334,0.8598645800991332,9.7656249999975e-07,0.00171386718749999,1.1523049866651256
bass,ppo-nominal-in-bass,0.8376411257583013,0.8358833132583012,6.510416666665e-07,0.0017571614583333228,1.183353844724487
bass,random,0.70776552982865,0.7060207381619834,6.510416666665e-07,0.001744140624999988,1.0069149702123454
bass,rolling-lp,0.8078190923180236,0.8057513839846904,6.510416666665e-07,0.002067057291666655,0.9756278076005868
oat:annual_budget_mw=0.125,accept-greedy,0.6288424534131852,0.6266197971631852,0.0,0.0022226562499999838,0.8097757392275904
oat:annual_budget_mw=0.125,max-exp-cap,0.6455033971210443,0.6432546992043777,1.302083333333e-06,0.002247395833333318,0.8375405290553698
oat:annual_budget_mw=0.125,ppo-frozen,0.6196902486590524,0.6172918111590523,1.302083333333e-06,0.0023971354166666516,0.7897279251060216
oat:annual_budget_mw=0.125,ppo-retrained,0.6304814166378637,0.628099906221197,1.302083333333e-06,0.002380208333333318,0.8099955311171079
oat:annual_budget_mw=0.125,rolling-lp,0.6289910298774878,0.6267761861274879,1.302083333333e-06,0.002213541666666652,0.8133571705238296
oat:annual_budget_mw=0.375,accept-greedy,1.0788408678404477,1.076258836590448,1.302083333333e-06,0.002580729166666652,1.9049759487574878
oat:annual_budget_mw=0.375,max-exp-cap,1.0925231364630683,1.0899411052130683,1.302083333333e-06,0.002580729166666652,2.05243280618509
oat:annual_budget_mw=0.375,ppo-frozen,1.0822088567816623,1.0796268255316621,1.302083333333e-06,0.002580729166666652,1.716710200709497
oat:annual_budget_mw=0.375,ppo-retrained,1.0797270835395794,1.0771450522895794,1.302083333333e-06,0.002580729166666652,1.7470719476651495
oat:annual_budget_mw=0.375,rolling-lp,1.0516883687242733,1.0492078999742733,1.302083333333e-06,0.002479166666666653,0.9970506849228857
oat:bess_share=0.1,accept-greedy,0.9744331130074622,0.9718549880074622,1.302083333333e-06,0.002576822916666653,1.4163144343990546
oat:bess_share=0.1,max-exp-cap,0.997622620845535,0.9950418916788684,1.302083333333e-06,0.0025794270833333203,1.4936673024003506
oat:bess_share=0.1,ppo-frozen,0.9770642193601904,0.9744821881101905,1.302083333333e-06,0.002580729166666653,1.3952313823221152
oat:bess_share=0.1,ppo-retrained,0.9787478891388899,0.9761658578888899,1.302083333333e-06,0.002580729166666653,1.42564779743831
oat:bess_share=0.1,rolling-lp,0.9770935162922809,0.9745166933756143,1.302083333333e-06,0.0025755208333333194,1.416041711887382
oat:bess_share=0.2,accept-greedy,0.9778117893547501,0.9752336643547501,1.302083333333e-06,0.0025768229166666518,1.4163144343990546
oat:bess_share=0.2,max-exp-cap,1.0053748590788667,1.0027915257455333,1.302083333333e-06,0.002582031249999987,1.4936673024003506
oat:bess_share=0.2,ppo-frozen,0.9809515849832294,0.9783656474832295,1.302083333333e-06,0.0025846354166666535,1.3928394661462946
oat:bess_share=0.2,ppo-retrained,0.9865617123063941,0.9839757748063941,1.302083333333e-06,0.0025846354166666535,1.4279528216683355
oat:bess_share=0.2,rolling-lp,0.9807494780514829,0.9781726551348163,1.302083333333e-06,0.0025755208333333194,1.4215144786977052
oat:bess_share=0.3,accept-greedy,0.9752067140357464,0.9726272869524131,1.302083333333e-06,0.002578124999999985,1.4163144343990546
oat:bess_share=0.3,max-exp-cap,1.0078186136036225,1.0052326761036223,1.302083333333e-06,0.0025846354166666535,1.4936673024003506
oat:bess_share=0.3,ppo-frozen,0.977282391769107,0.974696454269107,1.302083333333e-06,0.0025846354166666535,1.379127025689093
oat:bess_share=0.3,ppo-retrained,0.9862137728357429,0.9836265332524095,1.302083333333e-06,0.0025859374999999863,1.4449266791802426
oat:bess_share=0.3,rolling-lp,0.9796422058193904,0.9770653829027238,1.302083333333e-06,0.0025755208333333194,1.420977274130565
oat:growth_mean=0.01,accept-greedy,0.9829099866498541,0.9829099866498541,0.0,0.0,1.4163144343990546
oat:growth_mean=0.01,max-exp-cap,0.9996470017306949,0.9996470017306949,0.0,0.0,1.4936673024003506
oat:growth_mean=0.01,ppo-frozen,0.9870005495158328,0.9870005495158328,0.0,0.0,1.3709928864654044
oat:growth_mean=0.01,ppo-retrained,0.986994204508063,0.986994204508063,0.0,0.0,1.341695542699086
oat:growth_mean=0.01,rolling-lp,0.9605755661110051,0.9605755661110051,0.0,0.0,0.8665213663275898
oat:growth_mean=0.02,accept-greedy,0.970970384789135,0.9708427806224682,0.0,0.00012760416666666202,1.4163144343990546
oat:growth_mean=0.02,max-exp-cap,0.9891933638972951,0.9890657597306286,0.0,0.00012760416666666202,1.4936673024003506
oat:growth_mean=0.02,ppo-frozen,0.9745899239728353,0.9744623198061686,0.0,0.00012760416666666202,1.386183235328893
oat:growth_mean=0.02,ppo-retrained,0.9750169872110998,0.974889383044433,0.0,0.00012760416666666202,1.3733714057130286
oat:growth_mean=0.02,rolling-lp,0.9527459441508732,0.9526183399842064,0.0,0.00012760416666666202,0.9502263170222187
oat:growth_mean=0.03,accept-greedy,0.9683987734067598,0.9555498150734265,3.1249999999995e-05,0.012817708333333311,1.4163144343990546
oat:growth_mean=0.03,max-exp-cap,0.9890344150333137,0.9760070712833138,3.1249999999995e-05,0.012996093749999982,1.4936673024003506
oat:growth_mean=0.03,ppo-frozen,0.9722011460166732,0.95903187518334,3.1249999999995e-05,0.013138020833333312,1.401356596708463
oat:growth_mean=0.03,ppo-retrained,0.9743545042008327,0.9611943479508328,3.1249999999995e-05,0.013128906249999978,1.3962531703365988
oat:growth_mean=0.03,rolling-lp,0.9526273906287434,0.9410323385454099,2.3437499999995e-05,0.011571614583333317,1.0458654987621347
oat:growth_mean=0.04,accept-greedy,0.9872062934004474,0.9370708767337806,0.001173177083333316,0.04896223958333332,1.4163144343990546
oat:growth_mean=0.04,max-exp-cap,1.0133175668042937,0.9604321501376272,0.001173177083333316,0.05171223958333332,1.4936673024003506
oat:growth_mean=0.04,ppo-frozen,0.9968467881904414,0.9408702256904413,0.0011575520833333138,0.05481901041666665,1.4104515964835955
oat:growth_mean=0.04,ppo-retrained,1.0002939948468177,0.9414919115134847,0.001173177083333316,0.05762890624999999,1.4250731486098163
oat:growth_mean=0.04,rolling-lp,0.9682983512707058,0.9258191846040392,0.000877604166666648,0.041601562499999974,1.1477537852135862
oat:horizon_years=5.0,accept-greedy,0.3575962904684394,0.3575962904684394,0.0,0.0,0.7963531509265543
oat:horizon_years=5.0,max-exp-cap,0.3737703603193399,0.3737703603193399,0.0,0.0,0.8305272734141004
oat:horizon_years=5.0,ppo-frozen,0.3606331884841501,0.3606331884841501,0.0,0.0,0.7862380913506511
oat:horizon_years=5.0,ppo-retrained,0.36312500948253684,0.36312500948253684,0.0,0.0,0.7960070974094468
oat:horizon_years=5.0,rolling-lp,0.36304518956312265,0.36304518956312265,0.0,0.0,0.8033643669885937
oat:horizon_years=15.0,accept-greedy,1.6452315349709918,1.577119555804325,0.0009453124999999821,0.06716666666666665,1.9158554302476756
oat:horizon_years=15.0,max-exp-cap,1.6666281939964487,1.5967649127464485,0.0009453124999999821,0.06891796874999997,2.0566076407642897
oat:horizon_years=15.0,ppo-frozen,1.6491892733506506,1.5801801587673174,0.0009257812499999821,0.06808333333333332,1.7235882193745744
oat:horizon_years=15.0,ppo-retrained,1.64268528239291,1.574785542809576,0.0008749999999999839,0.0670247395833333,1.7161454751066085
oat:horizon_years=15.0,rolling-lp,1.6014774757339538,1.551943621567287,0.000822916666666649,0.04871093749999998,1.124777052211436
oat:impedance_scale=1.0,accept-greedy,1.0577286410309146,0.9635971306142479,1.302083333333e-06,0.09413020833333333,1.4163144343990546
oat:impedance_scale=1.0,max-exp-cap,1.0854484215606839,0.9828611819773505,1.302083333333e-06,0.10258593749999999,1.4936673024003506
oat:impedance_scale=1.0,ppo-frozen,1.0766630618022548,0.9671109784689216,1.302083333333e-06,0.10955078124999998,1.394051235675363
oat:impedance_scale=1.0,ppo-retrained,1.0899273179551314,0.9605093492051314,1.302083333333e-06,0.12941666666666665,1.3769929358011281
oat:impedance_scale=1.0,rolling-lp,1.0201452568026892,0.9473496838860227,1.302083333333e-06,0.0727942708333333,0.9973872409717063
oat:nominal=-1.0,accept-greedy,0.9661713493642479,0.963597130614248,1.302083333333e-06,0.002572916666666653,1.4163144343990546
oat:nominal=-1.0,max-exp-cap,0.9854393069773506,0.9828611819773505,1.302083333333e-06,0.002576822916666653,1.4936673024003506
oat:nominal=-1.0,ppo-frozen,0.9696904055522549,0.9671109784689217,1.302083333333e-06,0.0025781249999999862,1.394051235675363
oat:nominal=-1.0,rolling-lp,0.9498223401360226,0.9473496838860227,1.302083333333e-06,0.002471354166666652,0.9973872409717063
oat:potential_scale=1.5,accept-greedy,0.9824063342854236,0.979833417618757,1.302083333333e-06,0.0025716145833333194,1.5295123846357885
oat:potential_scale=1.5,max-exp-cap,0.9913518409665343,0.9887789242998676,1.302083333333e-06,0.0025716145833333194,1.5973631499494345
oat:potential_scale=1.5,ppo-frozen,0.9799733628132313,0.9773952378132313,1.302083333333e-06,0.002576822916666653,1.5117755591034752
oat:potential_scale=1.5,ppo-retrained,0.9842825010603431,0.981704376060343,1.302083333333e-06,0.002576822916666653,1.4907058155670412
oat:potential_scale=1.5,rolling-lp,0.9616927398442628,0.9593919585942627,0.0,0.002300781249999987,0.9981359739019742
oat:potential_scale=2.0,accept-greedy,0.9873094663902106,0.984744362223544,0.0,0.002565104166666654,1.6195514784551808
oat:potential_scale=2.0,max-exp-cap,0.9919021612519892,0.9893357550019892,1.302083333333e-06,0.0025651041666666535,1.6750810581107396
oat:potential_scale=2.0,ppo-frozen,0.9833821164641097,0.9808052935474432,1.302083333333e-06,0.0025755208333333203,1.546139188549411
oat:potential_scale=2.0,ppo-retrained,0.9879505797632553,0.9853737568465887,1.302083333333e-06,0.0025755208333333203,1.5344626686057825
oat:potential_scale=2.0,rolling-lp,0.9640530303130466,0.9618681344797132,1.302083333333e-06,0.002183593749999986,1.0023988737476066
