setting,policy,reference,mean,mean_ref,mean_diff,ci_lo,ci_hi,wilcoxon_p,wins,losses,n
nominal,accept-greedy,ppo,0.9686482205801141,0.9702740766407589,-0.0016258560606450456,-0.005590050813293923,0.0020118185968534667,0.8906095152877423,51,49,100
nominal,accept-greedy,sac,0.9686482205801141,0.9696424654513817,-0.000994244871267743,-0.005455116536178456,0.0032907438425705824,0.8987678439874949,54,46,100
nominal,accept-greedy,rolling-lp,0.9686482205801141,0.9524589869030264,0.016189233677087626,0.01217464474582787,0.020139658535856256,9.306713183378588e-11,85,15,100
nominal,accept-greedy,peak-first,0.9686482205801141,0.9312574206751677,0.03739079990494632,0.03281926188899618,0.04164592920933101,1.4289849453522757e-16,93,7,100
nominal,accept-greedy,oracle,0.9686482205801141,1.014974756626171,-0.04632653604605712,-0.05155026433458997,-0.041504842474334856,3.896559845095909e-18,0,100,100
nominal,max-exp-cap,ppo,0.9859236417751097,0.9702740766407589,0.01564956513435066,0.014291411971634404,0.016991296605009792,4.139373908714419e-18,99,1,100
nominal,max-exp-cap,sac,0.9859236417751097,0.9696424654513817,0.016281176323727962,0.014666774955381516,0.01780515683236311,1.903450784800175e-17,98,2,100
nominal,max-exp-cap,rolling-lp,0.9859236417751097,0.9524589869030264,0.033464654872083326,0.030001859511534695,0.03693791695501955,4.2663227307182344e-18,99,1,100
nominal,max-exp-cap,peak-first,0.9859236417751097,0.9312574206751677,0.05466622109994201,0.05252095764357989,0.056752551776221245,3.896559845095909e-18,100,0,100
nominal,max-exp-cap,oracle,0.9859236417751097,1.014974756626171,-0.029051114851061408,-0.031677458834455746,-0.026482798981669324,4.0161556854627e-18,1,99,100
nominal=-1,accept-greedy,ppo-frozen,0.9661713493642479,0.9696904055522549,-0.003519056188007077,-0.009418223224259089,0.0025562972010703565,0.27798803015155293,21,29,50
nominal=-1,accept-greedy,rolling-lp,0.9661713493642479,0.9498223401360226,0.016349009228225277,0.01035743568688212,0.02212330771075846,6.010637926934237e-06,40,10,50
nominal=-1,max-exp-cap,ppo-frozen,0.9854393069773506,0.9696904055522549,0.01574890142509568,0.013085484425960747,0.018345872564243675,1.9539925233402755e-13,49,1,50
nominal=-1,max-exp-cap,rolling-lp,0.9854393069773506,0.9498223401360226,0.035616966841328035,0.030005027302724904,0.04123470147249984,3.552713678800501e-15,49,1,50
bess_share=0.1,accept-greedy,ppo-frozen,0.9744331130074622,0.9770642193601904,-0.0026311063527281854,-0.009253444750211347,0.004198307070979662,0.3829036913273498,23,27,50
bess_share=0.1,accept-greedy,ppo-retrained,0.9744331130074622,0.9787478891388899,-0.004314776131427702,-0.009645557599189749,0.0010106925981465068,0.10110987171644048,20,30,50
bess_share=0.1,accept-greedy,rolling-lp,0.9744331130074622,0.9770935162922809,-0.0026604032848185776,-0.0120490118470163,0.00657167707317661,0.4963885938865378,25,25,50
bess_share=0.1,max-exp-cap,ppo-frozen,0.9976226208455351,0.9770642193601904,0.020558401485344636,0.017410755749397395,0.023727241031218864,3.375077994860476e-14,49,1,50
bess_share=0.1,max-exp-cap,ppo-retrained,0.9976226208455351,0.9787478891388899,0.018874731706645123,0.016456647074227865,0.021242677767407896,1.7763568394002505e-15,50,0,50
bess_share=0.1,max-exp-cap,rolling-lp,0.9976226208455351,0.9770935162922809,0.020529104553254244,0.015705618128845366,0.025340899194571897,1.1467804483800137e-10,44,6,50
bess_share=0.2,accept-greedy,ppo-frozen,0.9778117893547501,0.9809515849832294,-0.0031397956284793136,-0.010378149880899884,0.004115414881221676,0.3776732059941086,22,28,50
bess_share=0.2,accept-greedy,ppo-retrained,0.9778117893547501,0.9865617123063941,-0.008749922951643922,-0.014584884155674013,-0.002890621474532443,0.006131180232502587,17,33,50
bess_share=0.2,accept-greedy,rolling-lp,0.9778117893547501,0.9807494780514829,-0.0029376886967327166,-0.01372094314256053,0.007840773283883254,0.5086300594933544,22,28,50
bess_share=0.2,max-exp-cap,ppo-frozen,1.0053748590788667,0.9809515849832294,0.02442327409563709,0.02118152664755697,0.027625427412755588,1.2434497875801753e-14,49,1,50
bess_share=0.2,max-exp-cap,ppo-retrained,1.0053748590788667,0.9865617123063941,0.01881314677247248,0.015996693084827186,0.021607716969447653,3.552713678800501e-15,49,1,50
bess_share=0.2,max-exp-cap,rolling-lp,1.0053748590788667,0.9807494780514829,0.024625381027383684,0.018998894841382563,0.030335967860553776,1.1467804483800137e-10,43,7,50
bess_share=0.3,accept-greedy,ppo-frozen,0.9752067140357464,0.977282391769107,-0.0020756777333606857,-0.010395270894259902,0.006047033855467433,0.5148085516941183,23,27,50
bess_share=0.3,accept-greedy,ppo-retrained,0.9752067140357464,0.9862137728357429,-0.011007058799996562,-0.017637053281619432,-0.004262518935279362,0.002799360749817126,16,34,50
bess_share=0.3,accept-greedy,rolling-lp,0.9752067140357464,0.9796422058193904,-0.0044354917836440634,-0.01467192344841125,0.0060068775544667155,0.39349457563481494,23,27,50
bess_share=0.3,max-exp-cap,ppo-frozen,1.0078186136036225,0.977282391769107,0.030536221834515452,0.0271969722389984,0.033827661788540235,3.552713678800501e-15,49,1,50
bess_share=0.3,max-exp-cap,ppo-retrained,1.0078186136036225,0.9862137728357429,0.021604840767879586,0.018459704676825377,0.024692339912667886,3.552713678800501e-15,49,1,50
bess_share=0.3,max-exp-cap,rolling-lp,1.0078186136036225,0.9796422058193904,0.028176407784232086,0.023427500066996145,0.03300386049027299,1.2434497875801753e-14,48,2,50
growth_mean=0.01,accept-greedy,ppo-frozen,0.982909986649854,0.9870005495158328,-0.004090562865978757,-0.00952979031938799,0.0014548316576395558,0.13549845162767582,21,29,50
growth_mean=0.01,accept-greedy,ppo-retrained,0.982909986649854,0.986994204508063,-0.004084217858208941,-0.00891632747069363,0.0008158072063276557,0.10110987171644048,21,29,50
growth_mean=0.01,accept-greedy,rolling-lp,0.982909986649854,0.9605755661110051,0.02233442053884893,0.016869037207310988,0.027603715877733852,8.855280952957401e-10,43,7,50
growth_mean=0.01,max-exp-cap,ppo-frozen,0.9996470017306949,0.9870005495158328,0.01264645221486195,0.010373663795940975,0.014822551453718236,1.6058265828178264e-12,47,3,50
growth_mean=0.01,max-exp-cap,ppo-retrained,0.9996470017306949,0.986994204508063,0.012652797222631766,0.010829290193620418,0.014500338090429088,8.881784197001252e-15,49,1,50
growth_mean=0.01,max-exp-cap,rolling-lp,0.9996470017306949,0.9605755661110051,0.039071435619689635,0.033760752437791974,0.0444762885288166,1.7763568394002505e-15,50,0,50
growth_mean=0.02,accept-greedy,ppo-frozen,0.970970384789135,0.9745899239728353,-0.0036195391837003576,-0.009358060871607956,0.002291595634772047,0.23352895058251377,21,29,50
growth_mean=0.02,accept-greedy,ppo-retrained,0.970970384789135,0.9750169872110998,-0.004046602421964838,-0.00895941243396035,0.0008653492396458646,0.12080975020940343,21,29,50
growth_mean=0.02,accept-greedy,rolling-lp,0.970970384789135,0.9527459441508732,0.018224440638261705,0.01284907393481618,0.02343318665286068,1.4032918471684752e-07,42,8,50
growth_mean=0.02,max-exp-cap,ppo-frozen,0.9891933638972952,0.9745899239728353,0.014603439924459982,0.012083519501808724,0.017058230824614655,4.4941828036826337e-13,48,2,50
growth_mean=0.02,max-exp-cap,ppo-retrained,0.9891933638972952,0.9750169872110998,0.014176376686195502,0.012255498224143983,0.016119772051312,3.552713678800501e-15,49,1,50
growth_mean=0.02,max-exp-cap,rolling-lp,0.9891933638972952,0.9527459441508732,0.036447419746422044,0.030855962136862126,0.04204979601011014,5.329070518200751e-15,49,1,50
growth_mean=0.03,accept-greedy,ppo-frozen,0.9683987734067598,0.9722011460166732,-0.0038023726099134935,-0.009939857062954941,0.0025533421967990247,0.24513084584396871,19,31,50
growth_mean=0.03,accept-greedy,ppo-retrained,0.9683987734067598,0.9743545042008327,-0.005955730794072908,-0.011065634077159646,-0.0008805646394069234,0.03048635454688231,21,29,50
growth_mean=0.03,accept-greedy,rolling-lp,0.9683987734067598,0.9526273906287434,0.015771382778016624,0.00959888454439916,0.021690418356913294,1.367585375788849e-05,40,10,50
growth_mean=0.03,max-exp-cap,ppo-frozen,0.9890344150333138,0.9722011460166732,0.016833269016640368,0.014000258130361274,0.019629426763284667,1.5631940186722204e-13,49,1,50
growth_mean=0.03,max-exp-cap,ppo-retrained,0.9890344150333138,0.9743545042008327,0.014679910832480951,0.012557010099397945,0.016780527893888595,1.7763568394002505e-15,50,0,50
growth_mean=0.03,max-exp-cap,rolling-lp,0.9890344150333138,0.9526273906287434,0.036407024404570484,0.030687038453123358,0.04220041703050516,1.7763568394002505e-15,50,0,50
growth_mean=0.04,accept-greedy,ppo-frozen,0.9872062934004474,0.9968467881904414,-0.009640494789994118,-0.016829876109009052,-0.002233876867867325,0.01855822259070905,18,32,50
growth_mean=0.04,accept-greedy,ppo-retrained,0.9872062934004474,1.0002939948468177,-0.0130877014463706,-0.01938563363371268,-0.006750507984621132,0.00032407658280853013,15,35,50
growth_mean=0.04,accept-greedy,rolling-lp,0.9872062934004474,0.9682983512707058,0.018907942129741416,0.011633191256515543,0.025883449400392756,1.2288898243895119e-05,40,10,50
growth_mean=0.04,max-exp-cap,ppo-frozen,1.0133175668042937,0.9968467881904414,0.016470778613852256,0.01324388254481474,0.01974251832851082,7.65609797781508e-12,46,4,50
growth_mean=0.04,max-exp-cap,ppo-retrained,1.0133175668042937,1.0002939948468177,0.013023571957475772,0.010357176788523952,0.01567742896456471,2.3080204414327454e-11,45,5,50
growth_mean=0.04,max-exp-cap,rolling-lp,1.0133175668042937,0.9682983512707058,0.045019215533587786,0.038135747200489005,0.051902601342705496,1.7763568394002505e-15,50,0,50
horizon_years=5,accept-greedy,ppo-frozen,0.3575962904684394,0.3606331884841501,-0.003036898015710573,-0.00830788010211465,0.0024079605144989103,0.27798803015155293,23,27,50
horizon_years=5,accept-greedy,ppo-retrained,0.3575962904684394,0.36312500948253684,-0.0055287190140974225,-0.009735562394077671,-0.0011466132151146176,0.011529687649083797,18,32,50
horizon_years=5,accept-greedy,rolling-lp,0.3575962904684394,0.36304518956312265,-0.005448899094683181,-0.010872685648835395,-0.00033186827800109364,0.09130577606126522,19,31,50
horizon_years=5,max-exp-cap,ppo-frozen,0.3737703603193399,0.3606331884841501,0.013137171835189938,0.010852938854273683,0.01537609432626895,1.6058265828178264e-12,46,4,50
horizon_years=5,max-exp-cap,ppo-retrained,0.3737703603193399,0.36312500948253684,0.010645350836803086,0.008365006513519208,0.012903233845093703,2.3080204414327454e-11,45,5,50
horizon_years=5,max-exp-cap,rolling-lp,0.3737703603193399,0.36304518956312265,0.010725170756217333,0.006429554998422325,0.014871080628982954,2.0810681753857807e-05,36,14,50
horizon_years=15,accept-greedy,ppo-frozen,1.6452315349709918,1.6491892733506506,-0.003957738379659026,-0.009963077944638944,0.002284945860074581,0.19095974436218555,20,30,50
horizon_years=15,accept-greedy,ppo-retrained,1.6452315349709918,1.64268528239291,0.0025462525780817736,-0.0022833086618569876,0.007323296133652034,0.38817752503383396,28,22,50
horizon_years=15,accept-greedy,rolling-lp,1.6452315349709918,1.6014774757339538,0.04375405923703788,0.03475844817874691,0.053032179448264403,7.638334409421077e-14,47,3,50
horizon_years=15,max-exp-cap,ppo-frozen,1.6666281939964487,1.6491892733506506,0.017438920645797894,0.014634681630200158,0.020157517058763556,1.2434497875801753e-13,49,1,50
horizon_years=15,max-exp-cap,ppo-retrained,1.6666281939964487,1.64268528239291,0.023942911603538692,0.02092140129389914,0.026885891143610282,3.552713678800501e-15,49,1,50
horizon_years=15,max-exp-cap,rolling-lp,1.6666281939964487,1.6014774757339538,0.0651507182624948,0.05836170968602605,0.07206649825250845,1.7763568394002505e-15,50,0,50
annual_budget_mw=0.125,accept-greedy,ppo-frozen,0.6288424534131852,0.6196902486590524,0.009152204754132847,0.0028355183273229673,0.015272115482791244,0.01330480151673541,31,19,50
annual_budget_mw=0.125,accept-greedy,ppo-retrained,0.6288424534131852,0.6304814166378637,-0.0016389632246785202,-0.009295025659135692,0.00579490716844324,0.7594325529338448,24,26,50
annual_budget_mw=0.125,accept-greedy,rolling-lp,0.6288424534131852,0.6289910298774878,-0.00014857646430261218,-0.008125161885085793,0.007697810877172883,0.8707939059443142,24,26,50
annual_budget_mw=0.125,max-exp-cap,ppo-frozen,0.6455033971210443,0.6196902486590524,0.025813148461992057,0.022981235414834194,0.028719318322629507,1.7763568394002505e-15,50,0,50
annual_budget_mw=0.125,max-exp-cap,ppo-retrained,0.6455033971210443,0.6304814166378637,0.01502198048318069,0.01167349051051203,0.018328653617582093,1.0206946399193839e-10,42,8,50
annual_budget_mw=0.125,max-exp-cap,rolling-lp,0.6455033971210443,0.6289910298774878,0.0165123672435566,0.009991680280493725,0.022674203769391065,1.6896629077223224e-05,36,14,50
annual_budget_mw=0.375,accept-greedy,ppo-frozen,1.0788408678404477,1.0822088567816623,-0.003367988941214355,-0.006072920865524583,-0.0005512265524221722,0.01531204751384152,18,32,50
annual_budget_mw=0.375,accept-greedy,ppo-retrained,1.0788408678404477,1.0797270835395794,-0.0008862156991313253,-0.0027247816350169482,0.0008990982176934756,0.4375680954084249,22,28,50
annual_budget_mw=0.375,accept-greedy,rolling-lp,1.0788408678404477,1.0516883687242733,0.027152499116174473,0.024061062927931847,0.03054285241523314,1.7763568394002505e-15,50,0,50
annual_budget_mw=0.375,max-exp-cap,ppo-frozen,1.0925231364630683,1.0822088567816623,0.010314279681406023,0.008472630333568138,0.012191618976312978,3.6770586575585185e-13,49,1,50
annual_budget_mw=0.375,max-exp-cap,ppo-retrained,1.0925231364630683,1.0797270835395794,0.012796052923489051,0.01119309221285928,0.014302946173977236,1.7763568394002505e-15,50,0,50
annual_budget_mw=0.375,max-exp-cap,rolling-lp,1.0925231364630683,1.0516883687242733,0.04083476773879485,0.03741046333577474,0.0443628270326788,1.7763568394002505e-15,50,0,50
impedance_scale=1.0,accept-greedy,ppo-frozen,1.0577286410309146,1.0766630618022548,-0.018934420771340395,-0.026491476233200393,-0.010973065554295907,3.818192634774675e-05,13,37,50
impedance_scale=1.0,accept-greedy,ppo-retrained,1.0577286410309146,1.0899273179551314,-0.03219867692421682,-0.038923280817961155,-0.025446190131142448,1.1467804483800137e-10,5,45,50
impedance_scale=1.0,accept-greedy,rolling-lp,1.0577286410309146,1.0201452568026892,0.03758338422822529,0.03026306996389339,0.0446125473191841,7.65609797781508e-12,44,6,50
impedance_scale=1.0,max-exp-cap,ppo-frozen,1.0854484215606839,1.0766630618022548,0.008785359758429014,0.005069286407757399,0.012425146857116709,4.011462634423424e-05,37,13,50
impedance_scale=1.0,max-exp-cap,ppo-retrained,1.0854484215606839,1.0899273179551314,-0.004478896394447407,-0.007490443660428407,-0.0014632625651249424,0.008333363871146915,17,33,50
impedance_scale=1.0,max-exp-cap,rolling-lp,1.0854484215606839,1.0201452568026892,0.06530316475799468,0.05914778894924277,0.07162487211836092,1.7763568394002505e-15,50,0,50
potential_scale=1.5,accept-greedy,ppo-frozen,0.9824063342854237,0.9799733628132313,0.0024329714721923047,-0.004288274085320038,0.009524430818082534,0.7887529519630228,23,27,50
potential_scale=1.5,accept-greedy,ppo-retrained,0.9824063342854237,0.9842825010603431,-0.0018761667749193477,-0.00836447867139973,0.004821888982289044,0.4490067617286915,21,29,50
potential_scale=1.5,accept-greedy,rolling-lp,0.9824063342854237,0.9616927398442628,0.02071359444116071,0.014910510296894839,0.026769068254720887,1.9077969426462005e-08,41,9,50
potential_scale=1.5,max-exp-cap,ppo-frozen,0.9913518409665343,0.9799733628132313,0.011378478153302942,0.009485415658689027,0.01337985503856351,4.440892098500626e-14,47,3,50
potential_scale=1.5,max-exp-cap,ppo-retrained,0.9913518409665343,0.9842825010603431,0.0070693399061912895,0.00576337237949289,0.008409880952515747,3.0890845437170356e-12,48,2,50
potential_scale=1.5,max-exp-cap,rolling-lp,0.9913518409665343,0.9616927398442628,0.029659101122271353,0.023240383122560087,0.03584189841348835,2.3080204414327454e-11,43,7,50
potential_scale=2.0,accept-greedy,ppo-frozen,0.9873094663902107,0.9833821164641097,0.003927349926100863,-0.0016206614050693947,0.009530207727261718,0.1976349682926415,29,21,50
potential_scale=2.0,accept-greedy,ppo-retrained,0.9873094663902107,0.9879505797632553,-0.000641113373044595,-0.0061057009283617325,0.004711141480636629,0.8557483168795788,25,25,50
potential_scale=2.0,accept-greedy,rolling-lp,0.9873094663902107,0.9640530303130466,0.02325643607716404,0.017026718499830503,0.029786244519623504,3.7055123414120317e-09,41,9,50
potential_scale=2.0,max-exp-cap,ppo-frozen,0.9919021612519892,0.9833821164641097,0.008520044787879589,0.006832401062632772,0.010313811756828462,6.616929226765933e-12,46,4,50
potential_scale=2.0,max-exp-cap,ppo-retrained,0.9919021612519892,0.9879505797632553,0.0039515814887341304,0.0028381199522143526,0.005089119339201673,9.772863407420118e-09,42,8,50
potential_scale=2.0,max-exp-cap,rolling-lp,0.9919021612519892,0.9640530303130466,0.027849130938942767,0.020916573420071683,0.03484070593837781,4.792291008470784e-10,43,7,50
bass,accept-greedy,ppo-bass,0.7917654158408027,0.8615794238491334,-0.0698140080083307,-0.07730782028609608,-0.06237492634535063,7.117077537219983e-18,1,99,100
bass,accept-greedy,ppo-nominal-in-bass,0.7917654158408027,0.8376411257583013,-0.04587570991749868,-0.053953279251961556,-0.0378778051202035,2.8364093447304158e-14,13,87,100
bass,accept-greedy,rolling-lp,0.7917654158408027,0.8078190923180236,-0.016053676477220998,-0.02220459606250805,-0.00983190669141805,6.66217010582698e-06,30,70,100
bass,max-exp-cap,ppo-bass,0.8591133267970715,0.8615794238491334,-0.00246609705206145,-0.007232654526342697,0.002308009140735392,0.5405233196725827,51,49,100
bass,max-exp-cap,ppo-nominal-in-bass,0.8591133267970715,0.8376411257583013,0.021472201038770556,0.015793273400075598,0.026884451897926546,6.606662752812207e-10,74,26,100
bass,max-exp-cap,rolling-lp,0.8591133267970715,0.8078190923180236,0.05129423447904825,0.04472958781391923,0.05782129543762024,4.7408945782600864e-17,94,6,100
