setting,hybrid,max-exp-cap,max-exp-cap-V,ppo,residual,rolling-lp,rolling-lp-V
nominal,1.111300723763095,1.0875733813584432,1.1070537600413355,1.0948973611894666,1.1146219425439516,1.0231556014863599,1.0842172474682692
bess_share=0.1,1.1215620024896689,1.1011978014954575,1.1202622642766904,1.1029349951078946,1.1251519785646662,1.0721976789712477,1.089282483327574
bess_share=0.2,1.1261241851781107,1.1108569022459678,1.1296869045580795,1.1066319828661921,1.130830938319557,1.0783824298669566,1.092047098422333
bess_share=0.3,1.125438457216036,1.1147408077489318,1.1329332271626702,1.1040661529151812,1.1300809158438285,1.0778152973624258,1.0903756491203638
growth_mean=0.01,1.1366328133749186,1.1061010547589287,1.1261187497430707,1.1216054114235627,1.1381854716401243,1.0350318643368783,1.1168823748051715
growth_mean=0.02,1.1274350113674454,1.1049304884178766,1.121424346792136,1.1111994391766336,1.1305685157823824,1.0342321988837282,1.1046911083401294
growth_mean=0.03,1.0879731322546724,1.0649016257945154,1.0833450572572294,1.0714451286763735,1.0917141693066532,1.0104996985846748,1.0610352202037112
growth_mean=0.04,1.0351610482839997,1.025355031104074,1.038535917940445,1.0186871574102034,1.0403533688134972,0.9825391687372779,1.0093590154324539
horizon_years=5,0.40249689170826763,0.4029275401153221,0.4059960153724779,0.39303432115688525,0.4065984317234105,0.39191579259596004,0.3916099227077144
horizon_years=15,1.8240079700149934,1.7796930430213254,1.8246004586456266,1.7976545851867949,1.8276675549693122,1.6479080864872047,1.8022591532013004
annual_budget_mw=0.125,0.6789178435787316,0.6806492995901654,0.6901858424177576,0.6571585640497551,0.688999297444135,0.6616921862204904,0.6649739401185194
annual_budget_mw=0.375,1.291702011261595,1.2622551450620925,1.2938908350790148,1.2680040857544232,1.294383674675231,1.1363954728602956,1.2819210359199078
potential_scale=1.5,1.1102487706167592,1.07927850994097,1.1013688706648304,1.1000244335856761,1.1141715710368387,1.0192624409707103,1.1057118144486686
potential_scale=2.0,1.1015963163220528,1.0681762665977583,1.1085796062176005,1.0998174145975839,1.1143258230821558,1.012839529141763,1.1204818224301318
bass,0.9289162308749266,0.9221881965887384,0.9155807692344389,0.914978808221282,0.9124870594328099,0.8597292485680235,0.8505651149882197
