axis,value,policy,mode,return_mean,return_std,dpeak_final_pct,overload_delta,volt_delta
bess_share,0.0,ppo-nominal,robustness,0.9696904055522549,0.021563568509665794,12.277791338410283,-2.6041666666666666e-06,-0.00515625
bess_share,0.0,rolling-lp,robustness,0.9498223401360226,0.028531328873020446,11.8239977839387,-2.6041666666666666e-06,-0.004942708333333334
bess_share,0.1,ppo-nominal,robustness,0.9770642193601904,0.023074318674528735,12.798356223517517,-2.6041666666666666e-06,-0.005161458333333333
bess_share,0.1,rolling-lp,robustness,0.9770935162922809,0.023722073159166423,12.80944370125787,-2.6041666666666666e-06,-0.005151041666666667
bess_share,0.1,ppo-retrained,retrained,0.9787478891388899,0.02083562918692383,12.814520965267686,-2.6041666666666666e-06,-0.005161458333333333
bess_share,0.2,ppo-nominal,robustness,0.9809515849832294,0.02343758396541194,13.307856754626538,-2.6041666666666666e-06,-0.005169270833333334
bess_share,0.2,rolling-lp,robustness,0.9807494780514829,0.025890759772040427,13.33655754453423,-2.6041666666666666e-06,-0.005151041666666667
bess_share,0.2,ppo-retrained,retrained,0.9865617123063941,0.022219985250141776,13.344044561779663,-2.6041666666666666e-06,-0.005169270833333334
bess_share,0.3,ppo-nominal,robustness,0.977282391769107,0.0246909461352188,13.753759458460003,-2.6041666666666666e-06,-0.005169270833333334
bess_share,0.3,rolling-lp,robustness,0.9796422058193904,0.02665012870828864,13.838381200787778,-2.6041666666666666e-06,-0.005151041666666667
bess_share,0.3,ppo-retrained,retrained,0.9862137728357429,0.024623738523772556,13.876650934604811,-2.6041666666666666e-06,-0.005171875
growth_mean,0.01,ppo-nominal,robustness,0.9870005495158328,0.02060192224121284,12.299597688979047,0.0,0.0
growth_mean,0.01,rolling-lp,robustness,0.9605755661110053,0.026914286552972063,11.821769289408428,0.0,0.0
growth_mean,0.01,ppo-retrained,retrained,0.9869942045080632,0.019436895724013654,12.296725636747132,0.0,0.0
growth_mean,0.02,ppo-nominal,robustness,0.9745899239728353,0.021542971700150963,12.285984236013494,0.0,-0.0002552083333333333
growth_mean,0.02,rolling-lp,robustness,0.9527459441508732,0.027636419409708863,11.822680536952504,0.0,-0.0002552083333333333
growth_mean,0.02,ppo-retrained,retrained,0.9750169872110998,0.01939833591123806,12.28505148908713,0.0,-0.0002552083333333333
growth_mean,0.03,ppo-nominal,robustness,0.9722011460166732,0.022448409014195876,12.26845923700684,-6.25e-05,-0.026276041666666666
growth_mean,0.03,rolling-lp,robustness,0.9526273906287434,0.028345952897037365,11.817813128015773,-4.687500000000001e-05,-0.023143229166666668
growth_mean,0.03,ppo-retrained,retrained,0.9743545042008326,0.019830002862118293,12.268114047167048,-6.25e-05,-0.0262578125
growth_mean,0.04,ppo-nominal,robustness,0.9968467881904414,0.02388829558326418,12.241670794140576,-0.0023151041666666667,-0.10963802083333332
growth_mean,0.04,rolling-lp,robustness,0.968298351270706,0.030256023823535105,11.801265473148844,-0.0017552083333333332,-0.083203125
growth_mean,0.04,ppo-retrained,retrained,1.0002939948468177,0.021234295436669572,12.245450997966303,-0.0023463541666666667,-0.11525781250000003
horizon_years,5.0,ppo-nominal,robustness,0.3606331884841501,0.016801973183766666,10.942021774884825,0.0,0.0
horizon_years,5.0,rolling-lp,robustness,0.36304518956312265,0.021453910867815902,11.107245421284707,0.0,0.0
horizon_years,5.0,ppo-retrained,retrained,0.3631250094825369,0.016410689884305447,11.057845438474638,0.0,0.0
horizon_years,10.0,ppo-nominal,robustness,0.9696904055522549,0.021563568509665794,12.277791338410283,-2.6041666666666666e-06,-0.00515625
horizon_years,10.0,rolling-lp,robustness,0.9498223401360226,0.028531328873020446,11.8239977839387,-2.6041666666666666e-06,-0.004942708333333334
horizon_years,15.0,ppo-nominal,robustness,1.6491892733506506,0.04297256776204152,12.345649115442862,-0.0018515625000000001,-0.13616666666666666
horizon_years,15.0,rolling-lp,robustness,1.6014774757339538,0.03069060434073988,11.96087637712441,-0.0016458333333333336,-0.097421875
horizon_years,15.0,ppo-retrained,retrained,1.64268528239291,0.042918094009145556,12.345446583181094,-0.0017500000000000003,-0.13404947916666668
annual_budget_mw,0.125,ppo-nominal,robustness,0.6196902486590524,0.021099405877841582,9.912859455834516,-2.6041666666666666e-06,-0.0047942708333333335
annual_budget_mw,0.125,rolling-lp,robustness,0.6289910298774878,0.028532639722885555,10.189038173221473,-2.6041666666666666e-06,-0.004427083333333333
annual_budget_mw,0.125,ppo-retrained,retrained,0.6304814166378637,0.022279165415770772,10.147683008712864,-2.6041666666666666e-06,-0.004760416666666666
annual_budget_mw,0.25,ppo-nominal,robustness,0.9696904055522549,0.021563568509665794,12.277791338410283,-2.6041666666666666e-06,-0.00515625
annual_budget_mw,0.25,rolling-lp,robustness,0.9498223401360226,0.028531328873020446,11.8239977839387,-2.6041666666666666e-06,-0.004942708333333334
annual_budget_mw,0.375,ppo-nominal,robustness,1.0822088567816621,0.018777716390462756,12.309547288130378,-2.6041666666666666e-06,-0.005161458333333334
annual_budget_mw,0.375,rolling-lp,robustness,1.0516883687242733,0.0218206432035621,11.830088932113238,-2.6041666666666666e-06,-0.004958333333333334
annual_budget_mw,0.375,ppo-retrained,retrained,1.0797270835395794,0.018893427342690727,12.311325095449542,-2.6041666666666666e-06,-0.005161458333333334
impedance_scale,0.5,ppo-nominal,robustness,0.9696904055522549,0.021563568509665794,12.277791338410283,-2.6041666666666666e-06,-0.00515625
impedance_scale,0.5,rolling-lp,robustness,0.9498223401360226,0.028531328873020446,11.8239977839387,-2.6041666666666666e-06,-0.004942708333333334
impedance_scale,1.0,ppo-nominal,robustness,1.0766630618022548,0.029864475360634635,12.277791338410283,-2.6041666666666666e-06,-0.2191015625
impedance_scale,1.0,rolling-lp,robustness,1.0201452568026892,0.03301719726711836,11.8239977839387,-2.6041666666666666e-06,-0.14558854166666665
impedance_scale,1.0,ppo-retrained,retrained,1.0899273179551314,0.027382409881486353,12.275914796785093,-2.6041666666666666e-06,-0.2588333333333333
potential_scale,1.0,ppo-nominal,robustness,0.9696904055522549,0.021563568509665794,12.277791338410283,-2.6041666666666666e-06,-0.00515625
potential_scale,1.0,rolling-lp,robustness,0.9498223401360226,0.028531328873020446,11.8239977839387,-2.6041666666666666e-06,-0.004942708333333334
potential_scale,1.5,ppo-nominal,robustness,0.9799733628132313,0.019756488345033504,12.293448044296333,-2.6041666666666666e-06,-0.005153645833333334
potential_scale,1.5,rolling-lp,robustness,0.9616927398442628,0.031092073926008757,11.835485062941768,0.0,-0.0046015625
potential_scale,1.5,ppo-retrained,retrained,0.9842825010603431,0.019327474288554344,12.29070743226247,-2.6041666666666666e-06,-0.005153645833333334
potential_scale,2.0,ppo-nominal,robustness,0.9833821164641097,0.019734140777409603,12.29698505141403,-2.6041666666666666e-06,-0.005151041666666666
potential_scale,2.0,rolling-lp,robustness,0.9640530303130466,0.03147410402570424,11.846574586642488,-2.6041666666666666e-06,-0.0043671874999999995
potential_scale,2.0,ppo-retrained,retrained,0.9879505797632553,0.01988253353127736,12.296129600464381,-2.6041666666666666e-06,-0.005151041666666666
