axis,value,policy,return_mean,lp_mean,diff_mean,ci_lo,ci_hi,wilcoxon_p,cliffs_delta,n
nominal,,ppo-frozen,0.9696904055522549,0.9498223401360226,0.019868065416232344,0.013800163717879763,0.02594428406311088,1.507920117660433e-07,0.3856,50
bess_share,0.1,ppo-frozen,0.9770642193601904,0.9770935162922809,-2.929693209038131e-05,-0.00555489320642158,0.005410033839582584,0.9847343420165711,0.0144,50
bess_share,0.1,ppo-retrained,0.9787478891388899,0.9770935162922809,0.0016543728466091112,-0.004176647918859271,0.007446287862129863,0.6876822045635382,0.0368,50
bess_share,0.2,ppo-frozen,0.9809515849832294,0.9807494780514829,0.00020210693174658846,-0.006336754180497469,0.006626282932128061,0.9923668279164506,0.0016,50
bess_share,0.2,ppo-retrained,0.9865617123063941,0.9807494780514829,0.005812234254911222,-0.000906714468365584,0.012741523564247072,0.08760075247442067,0.1328,50
bess_share,0.3,ppo-frozen,0.977282391769107,0.9796422058193904,-0.00235981405028336,-0.008207259958557325,0.0033003140058058306,0.47831983611594175,-0.0688,50
bess_share,0.3,ppo-retrained,0.9862137728357429,0.9796422058193904,0.0065715670163525395,0.00048642499116182563,0.012757935691500672,0.03996834652842374,0.1272,50
growth_mean,0.01,ppo-frozen,0.9870005495158328,0.9605755661110053,0.026424983404827688,0.02069936548290381,0.03210042272563884,1.8989254613188677e-12,0.5288,50
growth_mean,0.01,ppo-retrained,0.9869942045080632,0.9605755661110053,0.026418638397057874,0.02088263375156365,0.03203941873920476,3.6770586575585185e-13,0.5624,50
growth_mean,0.02,ppo-frozen,0.9745899239728353,0.9527459441508732,0.021843979821962067,0.01577384853269372,0.027903637536115605,1.9077969426462005e-08,0.44,50
growth_mean,0.02,ppo-retrained,0.9750169872110998,0.9527459441508732,0.022271043060226526,0.016619456426163484,0.02800943635481156,6.535714192068554e-10,0.4608,50
growth_mean,0.03,ppo-frozen,0.9722011460166732,0.9526273906287434,0.019573755387930113,0.013170493896733856,0.025865217213601004,2.8391607465039215e-07,0.3976,50
growth_mean,0.03,ppo-retrained,0.9743545042008326,0.9526273906287434,0.02172711357208951,0.015702124785692825,0.027730819252010187,8.970399534291573e-09,0.4592,50
growth_mean,0.04,ppo-frozen,0.9968467881904414,0.968298351270706,0.028548436919735548,0.021260457521326312,0.03584255505219906,1.7568968502246207e-09,0.5264,50
growth_mean,0.04,ppo-retrained,1.0002939948468177,0.968298351270706,0.031995643576112016,0.0250645246943567,0.03903687339119569,8.842704346534447e-12,0.6064,50
horizon_years,5.0,ppo-frozen,0.3606331884841501,0.36304518956312265,-0.0024120010789726067,-0.007638548446035119,0.002600868738909383,0.2954728324166016,-0.084,50
horizon_years,5.0,ppo-retrained,0.3631250094825369,0.36304518956312265,7.981991941423905e-05,-0.004330052829635439,0.004397140656238004,0.9389922173111831,0.0128,50
horizon_years,15.0,ppo-frozen,1.6491892733506506,1.6014774757339538,0.0477117976166969,0.04113480215873137,0.054288192181407194,5.329070518200751e-15,0.6024,50
horizon_years,15.0,ppo-retrained,1.64268528239291,1.6014774757339538,0.041207806658956105,0.03456862506954517,0.04800210172156762,3.552713678800501e-15,0.532,50
annual_budget_mw,0.125,ppo-frozen,0.6196902486590524,0.6289910298774878,-0.009300781218435458,-0.01648271955876214,-0.0024162450430476813,0.01330480151673541,-0.2024,50
annual_budget_mw,0.125,ppo-retrained,0.6304814166378637,0.6289910298774878,0.001490386760375908,-0.007165655236389952,0.00956986628510821,0.7232586770768918,0.0344,50
annual_budget_mw,0.375,ppo-frozen,1.0822088567816621,1.0516883687242733,0.030520488057388818,0.027625721826417406,0.03361123578015248,1.7763568394002505e-15,0.6976,50
annual_budget_mw,0.375,ppo-retrained,1.0797270835395794,1.0516883687242733,0.028038714815305774,0.02439128903300946,0.031919209177544504,5.329070518200751e-15,0.6576,50
impedance_scale,1.0,ppo-frozen,1.0766630618022548,1.0201452568026892,0.05651780499956569,0.049258278837420025,0.06351740032943251,3.552713678800501e-15,0.8056,50
impedance_scale,1.0,ppo-retrained,1.0899273179551314,1.0201452568026892,0.06978206115244212,0.06402403270012985,0.07553628554855762,1.7763568394002505e-15,0.9104,50
potential_scale,1.5,ppo-frozen,0.9799733628132313,0.9616927398442628,0.018280622968968395,0.011471669705524217,0.024923108939409865,5.6804637029728156e-06,0.3544,50
potential_scale,1.5,ppo-retrained,0.9842825010603431,0.9616927398442628,0.022589761216080043,0.016008861365175656,0.029049801891847422,2.6378053519238165e-08,0.4584,50
potential_scale,2.0,ppo-frozen,0.9833821164641097,0.9640530303130466,0.019329086151063157,0.011865542478602177,0.026872420052774293,5.6804637029728156e-06,0.3752,50
potential_scale,2.0,ppo-retrained,0.9879505797632553,0.9640530303130466,0.023897549450208624,0.016907748793366872,0.03098717206774348,1.370373858833318e-08,0.488,50
