policy,return_mean,return_std,dpeak_final_pct,dpeak_mean_pct,overload_delta,volt_delta,installed_mw,budget_eff,oracle_gap_pct
oracle,1.015,0.0169,11.7817,10.1285,-0.0,-0.0042,0.9928,0.5546,-0.0
ppo,0.9703,0.0222,12.2351,9.6814,-0.0,-0.0043,1.4026,0.4077,4.4
sac,0.9696,0.0191,12.2071,9.6751,-0.0,-0.0043,1.2922,0.4417,4.47
rolling-lp,0.9525,0.0262,11.7939,9.5038,0.0,-0.0042,0.996,0.5534,6.16
peak-first,0.9313,0.0184,12.2397,9.2912,-0.0,-0.0043,1.4233,0.4018,8.24
cf-static,0.9063,0.0194,11.9167,9.0423,-0.0,-0.0041,1.0277,0.5418,10.71
random,0.892,0.0211,12.1945,8.8988,-0.0,-0.0043,1.2471,0.4571,12.12
cf-adaptive,0.8663,0.0156,10.5193,8.6433,-0.0,-0.004,0.8441,0.5822,14.65
dqn,0.8363,0.0277,11.1934,8.3424,-0.0,-0.0041,0.9341,0.5622,17.6
