family,return_sum,peak_kw_mean_annual,peak_kw_final_year,uv_bus_hours_relieved_per_summer,uv_share_relieved_pct,uv_share_remaining_pct,installed_total_mw
residual,1.1146219425439516,408.1552092771437,571.7034540321894,1992.71816,8.22075428316277,31.548375,1.4139575187775089
hybrid,1.111300723763095,407.938117840926,571.5592745618732,1952.45712,8.055794172851192,31.605356770833332,1.3972211209513374
max-exp-cap-V,1.1070537600413355,408.4764737881162,572.3283912939364,1874.9324,7.736008634281884,31.715078125,1.4768166134382128
ppo,1.0948973611894666,403.4291894660616,571.5243853547548,1872.83664,7.726628269262552,31.718044270833335,1.3900859694119632
max-exp-cap,1.0875733813584432,412.4131395464904,572.5197910017017,1466.6087999999997,6.056178525344416,32.292981770833336,1.5018635914693974
rolling-lp-V,1.0842172474682692,403.10521476078304,570.6953367276642,1733.7583999999997,7.155492301055784,31.9148828125,1.3167659070087199
ppo-nominal,1.078744349801175,405.74068954310565,571.6630886704294,1566.7599999999998,6.468905920860919,32.15123697916667,1.4049024025454144
accept-greedy,1.0618226997467808,405.13319798295095,571.7766216871839,1346.7511999999997,5.563022952610051,32.4626171875,1.4230927872323391
peak-first,1.043118097758501,389.48598685387077,571.866063851703,1610.8923999999997,6.649559466797167,32.08877604166666,1.423253946720705
rolling-lp,1.0231556014863599,398.36558141320006,551.0343368339065,1028.3943999999997,4.24525790384131,32.91319010416667,0.995963750017321
random,1.0078559470557282,373.01607679988246,569.7562001851175,1667.0767999999996,6.880189422975126,32.0092578125,1.2470817261297666
