family,return_sum,peak_kw_mean_annual,peak_kw_final_year,installed_total_mw
oracle,1.014974756626171,424.6092246199982,550.4809097389832,0.9927544798500705
max-exp-cap,0.9859236417751097,412.4131395464904,572.5197910017017,1.5018635914693974
ppo,0.970274076640759,405.8472623653286,571.6500133890746,1.4025709797605368
sac,0.9696424654513818,405.58650264971817,570.3525563832562,1.292233360007811
accept-greedy,0.9686482205801141,405.133197982951,571.7766216871839,1.4230927872323391
rolling-lp,0.9524589869030264,398.36558141320006,551.0343368339065,0.995963750017321
peak-first,0.9312574206751677,389.48598685387077,571.866063851703,1.423253946720705
cf-static,0.9063016332471265,379.0073910340439,556.6533689956725,1.0276621347727959
random,0.8920213116390616,373.01607679988246,569.7562001851175,1.2470817261297666
cf-adaptive,0.8663026430458421,362.3125775836134,491.42935435226195,0.8441370391464436
dqn,0.836282976134675,349.7121450161131,522.9333034981993,0.9340873276793756
