setting,rule_uv_bus_hours,diff,ci_lo,ci_hi
annual_budget_mw=0.125,890.2011999999996,-40.9068800000001,-45.21804600000008,-36.35472000000016
annual_budget_mw=0.375,2983.2748000000006,2.4637599999999793,-13.514892000000085,18.124091999999845
bass,1244.8151999999995,52.141920000000006,35.322341999999956,69.46243800000003
bess_share=0.1,1883.9484,114.60439999999997,100.32388399999991,128.903638
bess_share=0.2,1896.0371999999995,107.58480000000004,93.74376800000003,121.61673200000007
bess_share=0.3,1905.274,102.08136000000005,88.47566400000005,115.94980799999998
growth_mean=0.01,1908.4019999999998,159.96592000000007,142.89587200000003,177.4240700000002
growth_mean=0.02,1992.2231999999992,130.17448000000002,114.34128000000004,146.25069800000003
growth_mean=0.03,1635.7967999999994,136.11032000000012,119.91459400000016,152.462768
growth_mean=0.04,1206.1935999999998,68.1977599999999,57.48123199999994,79.41863199999992
horizon_years=15,2247.1552,38.10271999999995,21.102285333333263,55.42601333333332
horizon_years=5,1119.9895999999994,-5.788640000000051,-12.169760000000053,0.6919319999999731
nominal,1874.9324,117.78575999999995,102.89440999999997,132.875692
potential_scale=1.5,1791.2491999999997,111.76896000000006,97.74411200000004,125.79974200000007
potential_scale=2.0,1911.4011999999996,-3.231039999999955,-13.732103999999993,7.444686000000052
