variant,setting,family,return_sum,count095_bh,count094_bh,count096_bh,deficit_puh,deficit_gross_puh,tap_ops_per_day
fixed,1.01,max-exp-cap,1.078255021983443,1334.9291999999998,1732.8751999999995,1466.6087999999997,48.943344804579176,245.17113607707216,0.0
fixed,1.01,max-exp-cap-V retuned,1.0990788012533628,1762.0484,2389.6632,1874.4723999999999,63.27853579432956,245.17113607707216,0.0
fixed,1.02,max-exp-cap,1.1064158292751096,1732.8751999999995,1802.4271999999996,1334.9291999999998,34.18992367790392,99.7657516154327,0.0
fixed,1.02,max-exp-cap-V retuned,1.1597451792419238,3682.4656,2947.7627999999995,2694.3763999999996,56.6041687653665,99.7657516154327,0.0
fixed,1.03,max-exp-cap,1.1113377042751098,1802.4271999999996,682.6031999999998,1732.8751999999995,15.65259469958283,25.492556280208706,0.0
fixed,1.03,max-exp-cap-V retuned,1.145372778537625,2352.1272,725.7879999999998,2257.3579999999997,18.47008076875466,25.492556280208706,0.0
fixed,1.04,max-exp-cap,1.032092912608443,682.6031999999998,30.17599999999984,1802.4271999999996,2.6732446635064706,3.0157514201260893,0.0
fixed,1.04,max-exp-cap-V retuned,1.0344273504724624,717.8299999999997,30.203599999999852,1890.9771999999998,2.739358684745719,3.0157514201260893,0.0
fixed,1.05,max-exp-cap,0.9859236417751097,30.17599999999984,0.0,682.6031999999998,0.052355830169879186,0.05300194901913202,0.0
fixed,1.05,max-exp-cap-V retuned,0.9859236417751097,30.17599999999984,0.0,682.6031999999998,0.052355830169879186,0.05300194901913202,0.0
ldc,1.01,max-exp-cap,1.078255021983443,1334.9291999999998,1732.8751999999995,1466.6087999999997,48.943344804579176,245.17113607707216,0.0
ldc,1.01,max-exp-cap-V retuned,1.0990788012533628,1762.0484,2389.6632,1874.4723999999999,63.27853579432956,245.17113607707216,0.0
ldc,1.01,ppo,1.0871489236894667,1763.3419199999998,2409.0163199999997,1872.83664,64.5184119329274,245.17113607707216,0.0
ldc,1.01,residual,1.1066471164484815,1879.8819999999998,2581.8088799999996,1992.6887199999996,67.64994854071874,245.17113607707216,0.0
ldc,1.01,rolling-lp-V,1.0780841688291247,1636.8271999999997,2248.7468,1694.0511999999997,61.28835110367757,245.17113607707216,0.0
ldc,1.02,max-exp-cap,1.1064158292751096,1732.8751999999995,1802.4271999999996,1334.9291999999998,34.18992367790392,99.7657516154327,1.956
ldc,1.02,max-exp-cap-V retuned,1.1597451792419238,3682.4656,2947.7627999999995,2694.3763999999996,56.6041687653665,99.7657516154327,1.956
ldc,1.02,ppo,1.1328403299394667,2409.0163199999997,2418.9817599999997,1763.3419199999998,43.897120935919304,99.7657516154327,1.956
ldc,1.02,ppo-rt,1.141296078587622,2850.7886666666664,2708.6149333333333,2062.928266666667,49.16824962871614,99.7657516154327,1.956
ldc,1.02,residual,1.1567869970701687,2593.2389599999997,2495.00688,1884.1287199999997,45.74051887889374,99.7657516154327,1.956
ldc,1.02,residual-rt,1.1680989900893903,3606.1362666666664,2949.2378666666664,2663.4183999999996,56.06405101636851,99.7657516154327,1.956
ldc,1.02,rolling-lp-V,1.116892217461318,2145.0719999999997,2251.8288,1565.3615999999997,41.0115268323919,99.7657516154327,1.956
ldc,1.03,max-exp-cap,1.1113377042751098,1802.4271999999996,682.6031999999998,1732.8751999999995,15.65259469958283,25.492556280208706,3.0845
ldc,1.03,max-exp-cap-V retuned,1.145372778537625,2352.1272,725.7879999999998,2257.3579999999997,18.47008076875466,25.492556280208706,3.0844
ldc,1.03,ppo,1.1335455382728,2418.9817599999997,725.1219199999998,2409.0163199999997,18.615995579282977,25.492556280208706,3.08432
ldc,1.03,residual,1.1483336396209134,2488.39392,726.4632799999998,2456.6023999999998,18.865666257704962,25.492556280208706,3.08438
ldc,1.03,rolling-lp-V,1.1238003016425395,2235.8851999999997,721.8595999999998,2075.9892,18.058442510193835,25.492556280208706,3.0841000000000003
ldc,1.04,max-exp-cap,1.032092912608443,682.6031999999998,30.17599999999984,1802.4271999999996,2.6732446635064706,3.0157514201260893,6.7775
ldc,1.04,max-exp-cap-V retuned,1.0344273504724624,717.8299999999997,30.203599999999852,1890.9771999999998,2.739358684745719,3.0157514201260893,6.7761000000000005
ldc,1.04,ppo,1.0136788716061333,725.1219199999998,30.20727999999985,2418.9817599999997,2.747925340620007,3.0157514201260893,6.78798
ldc,1.04,residual,1.025328218066326,724.1706399999997,30.205439999999854,2331.6664,2.746566130973434,3.0157514201260893,6.78304
ldc,1.04,rolling-lp-V,1.007526049289812,689.6411999999998,30.17599999999984,1560.2555999999997,2.7030154732355745,3.0157514201260893,6.780399999999999
ldc,1.05,max-exp-cap,0.9859236417751097,30.17599999999984,0.0,682.5939999999998,0.052355830169879186,0.05300194901913202,9.6798
ldc,1.05,max-exp-cap-V retuned,0.9859236417751097,30.17599999999984,0.0,682.5939999999998,0.052355830169879186,0.05300194901913202,9.6798
ldc,1.05,ppo,0.9645029601477999,30.20727999999985,0.0,725.1219199999998,0.05241746749657281,0.05300194901913202,9.64622
ldc,1.05,residual,0.9762335512248037,30.203599999999852,0.0,723.3536799999997,0.052405003438741396,0.05300194901913202,9.64648
ldc,1.05,rolling-lp-V,0.9527131869266832,29.081199999999825,0.0,537.8503999999997,0.05133004691179053,0.05300194901913202,9.497
ldc,none,accept-greedy,1.0618226997467808,1346.7511999999997,1232.0639999999996,571.1083999999996,58.74812004013949,455.849513591693,
ldc,none,hybrid,1.111300723763095,1952.4571199999998,1820.51256,891.7780799999996,85.02977568563965,455.849513591693,
ldc,none,max-exp-cap,1.0875733813584432,1466.6087999999997,1334.9291999999998,616.7127999999997,63.077326019521195,455.849513591693,
ldc,none,max-exp-cap-V retuned,1.1070537600413355,1874.9324,1759.3067999999998,845.0935999999997,81.19235004582076,455.849513591693,
ldc,none,peak-first,1.043118097758501,1610.8923999999997,1536.0687999999998,738.6771999999997,72.09018616903172,455.849513591693,
ldc,none,ppo,1.0948973611894666,1872.83664,1763.3419199999998,868.1671999999998,82.75190534313523,455.849513591693,
ldc,none,ppo-nominal,1.078744349801175,1566.7599999999998,1448.1075999999998,674.6267999999997,67.96491203715321,455.849513591693,
ldc,none,random,1.0078559470557282,1667.0767999999996,1638.2623999999998,804.1351999999996,76.75328007566083,455.849513591693,
ldc,none,residual,1.1146219425439516,1992.71816,1878.9472799999996,921.6946399999996,86.93492580603716,455.849513591693,
ldc,none,rolling-lp,1.0231556014863599,1028.3943999999997,962.8811999999997,451.6555999999996,46.074110081660336,455.849513591693,
ldc,none,rolling-lp-V,1.0842172474682692,1733.7583999999997,1672.1275999999998,799.3235999999997,79.55956016270859,455.849513591693,
vset=0.99,1.02,max-exp-cap,1.1064158292751096,1732.8751999999995,1802.4271999999996,1334.9291999999998,34.18992367790392,99.7657516154327,4.4138
vset=0.99,1.02,max-exp-cap-V retuned,1.1597451792419238,3682.4656,2947.7627999999995,2694.3763999999996,56.6041687653665,99.7657516154327,4.404599999999999
vset=0.99,1.03,max-exp-cap,1.1113377042751098,1802.4271999999996,682.6031999999998,1732.8752,15.65259469958283,25.492556280208706,6.143400000000001
vset=0.99,1.03,max-exp-cap-V retuned,1.145372778537625,2352.1272,725.7879999999998,2257.3579999999997,18.47008076875466,25.492556280208706,6.1353
vset=1.01,1.02,max-exp-cap,1.1064158292751096,1732.8751999999995,1802.4271999999996,1334.9291999999998,34.18992367790392,99.7657516154327,0.0
vset=1.01,1.02,max-exp-cap-V retuned,1.1597451792419238,3682.4656,2947.7627999999995,2694.3763999999996,56.6041687653665,99.7657516154327,0.0
vset=1.01,1.03,max-exp-cap,1.1113377042751098,1802.4271999999996,682.6031999999998,1732.8751999999995,15.65259469958283,25.492556280208706,0.9344
vset=1.01,1.03,max-exp-cap-V retuned,1.145372778537625,2352.1272,725.7879999999998,2257.3579999999997,18.47008076875466,25.492556280208706,0.9342
