variant,setting,policy,reference,deficit_gross_puh,tap_ops_per_day,return_sum,return_sum_lo,return_sum_hi,return_sum_wins,return_sum_p,return_sum_ref,count095_bh,count095_bh_lo,count095_bh_hi,count095_bh_wins,count095_bh_p,count095_bh_ref,count094_bh,count094_bh_lo,count094_bh_hi,count094_bh_wins,count094_bh_p,count094_bh_ref,count096_bh,count096_bh_lo,count096_bh_hi,count096_bh_wins,count096_bh_p,count096_bh_ref,deficit_puh,deficit_puh_lo,deficit_puh_hi,deficit_puh_wins,deficit_puh_p,deficit_puh_ref
fixed,1.01,max-exp-cap-V retuned,max-exp-cap,245.1711360770722,0.0,0.020823779269919695,0.0167688990328221,0.024896336374383068,83,3.1168829717607495e-13,1.078255021983443,427.11920000000015,412.04937,442.55749000000003,100,3.895021439772567e-18,1334.9291999999998,656.788,636.1517100000001,678.3251999999999,100,3.896120241954008e-18,1732.8751999999995,407.86360000000013,390.97217000000006,425.1508600000002,100,3.896340037647931e-18,1466.6087999999997,14.33519098975039,13.865749892402295,14.812377406771256,100,3.896559845095909e-18,48.94334480457918
fixed,1.02,max-exp-cap-V retuned,max-exp-cap,99.7657516154327,0.0,0.05332934996681403,0.04510665124355029,0.06135828701105408,89,4.743781498021361e-16,1.1064158292751096,1949.5904000000003,1911.9614800000002,1987.4302300000004,100,3.896559845095909e-18,1732.8751999999995,1145.3355999999999,1076.19622,1215.3476,100,3.896340037647931e-18,1802.4272,1359.4472000000003,1323.3086800000003,1396.3398900000002,100,3.896120241954008e-18,1334.9291999999998,22.414245087462586,21.712767917034718,23.123855131684536,100,3.896559845095909e-18,34.18992367790392
fixed,1.03,max-exp-cap-V retuned,max-exp-cap,25.49255628020871,0.0,0.03403507426251527,0.03128886663109675,0.03674753687744985,100,3.896559845095909e-18,1.1113377042751096,549.6999999999999,527.18622,571.61463,100,3.896340037647931e-18,1802.4272,43.184799999999996,31.601540000000004,55.936230000000016,85,1.1680000966936745e-15,682.6031999999997,524.4828000000001,504.46268,544.45623,100,3.895900458013434e-18,1732.8751999999995,2.817486069171829,2.5779250399306095,3.063362413922845,100,3.896559845095909e-18,15.65259469958283
fixed,1.04,max-exp-cap-V retuned,max-exp-cap,3.0157514201260893,0.0,0.0023344378640193166,0.0016617869874265717,0.003084701124397063,63,3.25569043270579e-12,1.032092912608443,35.22680000000001,25.05160000000006,46.48806000000005,65,2.4031766365188943e-12,682.6031999999997,0.027600000000007015,0.0,0.06440000000001177,3,0.10880943004054568,30.175999999999846,88.55000000000004,69.66240000000009,109.03863000000005,71,2.4294878550805644e-13,1802.4272,0.0661140212392486,0.04416776716799394,0.09123161563719764,67,1.119700309921998e-12,2.6732446635064715
fixed,1.05,max-exp-cap-V retuned,max-exp-cap,0.053001949019132015,0.0,0.0,0.0,0.0,0,1.0,0.9859236417751097,0.0,0.0,0.0,0,1.0,30.175999999999846,0.0,0.0,0.0,0,1.0,0.0,0.0,0.0,0.0,0,1.0,682.6031999999997,0.0,0.0,0.0,0,1.0,0.05235583016987919
ldc,1.01,max-exp-cap-V retuned,max-exp-cap,245.1711360770722,0.0,0.020823779269919695,0.0167688990328221,0.024896336374383068,83,3.1168829717607495e-13,1.078255021983443,427.11920000000015,412.04937,442.55749000000003,100,3.895021439772567e-18,1334.9291999999998,656.788,636.1517100000001,678.3251999999999,100,3.896120241954008e-18,1732.8751999999995,407.86360000000013,390.97217000000006,425.1508600000002,100,3.896340037647931e-18,1466.6087999999997,14.33519098975039,13.865749892402295,14.812377406771256,100,3.896559845095909e-18,48.94334480457918
ldc,1.01,residual,max-exp-cap-V retuned,245.1711360770722,0.0,0.007568315195118671,0.005379628636283265,0.009811620424717652,69,4.852791845918932e-08,1.0990788012533628,117.83359999999998,102.41982799999994,133.78492799999995,99,4.2663227307182344e-18,1762.048399999999,192.14568000000003,170.67251199999998,214.260732,99,4.0161556854627e-18,2389.6632,118.21631999999994,103.02063399999994,133.76832199999998,97,7.117077537219983e-18,1874.4723999999999,4.37141274638918,3.90464340864669,4.848873472888203,99,4.0161556854627e-18,63.27853579432956
ldc,1.01,ppo,max-exp-cap-V retuned,245.1711360770722,0.0,-0.011929877563896121,-0.01622203095393206,-0.007573876130572223,23,6.068971053695422e-07,1.0990788012533628,1.2935199999999758,-16.693078000000114,19.609478000000024,48,0.9369678210300386,1762.048399999999,19.353120000000054,-5.8462779999999475,45.36400400000001,57,0.18444471851330213,2389.6632,-1.6357600000000343,-20.341476000000014,17.493017999999985,47,0.7129472348148089,1874.4723999999999,1.239876138597858,0.6868053584782765,1.8055753281258737,62,5.423294843055512e-05,63.27853579432956
ldc,1.01,rolling-lp-V,max-exp-cap-V retuned,245.1711360770722,0.0,-0.020994632424238012,-0.026695719207691516,-0.015330801073577597,23,1.1101394142242552e-09,1.0990788012533628,-125.2212,-152.27862999999996,-98.35697000000005,18,4.811026798196851e-12,1762.048399999999,-140.91639999999998,-178.61846,-103.65179999999998,24,1.4979183904763766e-09,2389.6632,-180.42120000000006,-206.45720000000006,-154.30240000000006,8,2.0761186336566437e-16,1874.4723999999999,-1.9901846906519873,-2.8188268791115973,-1.1788104170033065,30,1.83436855193295e-05,63.27853579432956
ldc,1.02,max-exp-cap-V retuned,max-exp-cap,99.7657516154327,1.9560000000000002,0.05332934996681403,0.04510665124355029,0.06135828701105408,89,4.743781498021361e-16,1.1064158292751096,1949.5904000000003,1911.9614800000002,1987.4302300000004,100,3.896559845095909e-18,1732.8751999999995,1145.3355999999999,1076.19622,1215.3476,100,3.896340037647931e-18,1802.4272,1359.4472000000003,1323.3086800000003,1396.3398900000002,100,3.896120241954008e-18,1334.9291999999998,22.414245087462586,21.712767917034718,23.123855131684536,100,3.896559845095909e-18,34.18992367790392
ldc,1.02,residual,max-exp-cap-V retuned,99.7657516154327,1.9560000000000002,-0.0029581821717550704,-0.010929988258382024,0.005036048010174423,49,0.4981839177712257,1.1597451792419238,-1089.2266399999999,-1128.4945399999997,-1050.3418279999999,0,3.896340037647931e-18,3682.4656000000004,-452.75592000000006,-505.3033300000001,-401.62402200000014,0,3.896559845095909e-18,2947.762800000001,-810.24768,-845.193052,-776.5786700000002,0,3.896559845095909e-18,2694.3763999999996,-10.863649886472768,-11.3703992685748,-10.3665264885754,0,3.896559845095909e-18,56.60416876536651
ldc,1.02,ppo,max-exp-cap-V retuned,99.7657516154327,1.9560000000000002,-0.026904849302457096,-0.03468880288843824,-0.018916150292048295,32,8.149510834101045e-08,1.1597451792419238,-1273.44928,-1310.262252,-1237.1641120000002,0,3.896559845095909e-18,3682.4656000000004,-528.78104,-584.7971719999999,-474.395884,0,3.896559845095909e-18,2947.762800000001,-931.0344800000001,-964.7210159999998,-897.5059080000002,0,3.896559845095909e-18,2694.3763999999996,-12.707047829447198,-13.214965715976872,-12.210008515695941,0,3.896559845095909e-18,56.60416876536651
ldc,1.02,rolling-lp-V,max-exp-cap-V retuned,99.7657516154327,1.9560000000000002,-0.042852961780605714,-0.051304338055134256,-0.03441956395352635,15,1.405205713543345e-13,1.1597451792419238,-1537.3936000000003,-1578.7298899999998,-1496.2861600000003,0,3.896340037647931e-18,3682.4656000000004,-695.9340000000002,-764.5015999999999,-628.8186200000001,0,3.896340037647931e-18,2947.762800000001,-1129.0148,-1164.9870299999998,-1093.6863399999997,0,3.896120241954008e-18,2694.3763999999996,-15.5926419329746,-16.27649221570298,-14.926783066210788,0,3.896559845095909e-18,56.60416876536651
ldc,1.02,residual-rt,max-exp-cap-V retuned,99.7657516154327,1.9560000000000002,0.008353810847466671,0.0020639586807190166,0.015005432332899221,59,0.02202570264893562,1.1597451792419238,-76.32933333333325,-108.13434666666666,-42.77976999999989,29,2.0861060111701707e-06,3682.4656000000004,1.4750666666666075,-6.844953333333267,9.951333333333285,56,0.34214237968421657,2947.762800000001,-30.957999999999938,-58.20847666666677,-1.9862033333331668,36,0.005978708804750598,2694.3763999999996,-0.5401177489979897,-0.7797438674460159,-0.2905890478521989,28,1.5953234709419534e-05,56.60416876536651
ldc,1.02,ppo-rt,max-exp-cap-V retuned,99.7657516154327,1.9560000000000002,-0.018449100654301644,-0.025396835056668864,-0.011276563652207026,37,9.042931792052953e-06,1.1597451792419238,-831.6769333333337,-863.5337733333332,-799.0137133333337,0,3.896120241954008e-18,3682.4656000000004,-239.14786666666663,-272.73775666666666,-206.68934666666664,0,3.896340037647931e-18,2947.762800000001,-631.4481333333333,-658.82143,-604.0903233333335,0,3.896559845095909e-18,2694.3763999999996,-7.435919136650366,-7.782101966194893,-7.085461352174696,0,3.896559845095909e-18,56.60416876536651
ldc,1.03,max-exp-cap-V retuned,max-exp-cap,25.49255628020871,3.0845000000000002,0.03403507426251527,0.03128886663109675,0.03674753687744985,100,3.896559845095909e-18,1.1113377042751096,549.6999999999999,527.18622,571.61463,100,3.896340037647931e-18,1802.4272,43.184799999999996,31.601540000000004,55.936230000000016,85,1.1680000966936745e-15,682.6031999999997,524.4828000000001,504.46268,544.45623,100,3.895900458013434e-18,1732.8751999999995,2.817486069171829,2.5779250399306095,3.063362413922845,100,3.896559845095909e-18,15.65259469958283
ldc,1.03,residual,max-exp-cap-V retuned,25.49255628020871,3.0844000000000005,0.0029608610832883866,0.0008860480706501413,0.005104557630904031,61,0.017183434164736427,1.145372778537625,136.26672000000002,118.73501600000007,154.11007400000003,98,6.906672275406012e-18,2352.1272,0.6752799999999968,0.23736000000000265,1.2272799999999915,36,0.0023704841788767224,725.7879999999998,199.2444000000001,179.02615800000007,220.35895200000004,100,3.896340037647931e-18,2257.3579999999997,0.3955854889503019,0.3208440876476936,0.4772833322270166,94,2.8782421504419467e-17,18.47008076875466
ldc,1.03,ppo,max-exp-cap-V retuned,25.49255628020871,3.0844000000000005,-0.011827240264825005,-0.015264311013199269,-0.008359787086629447,26,1.678021038842044e-08,1.145372778537625,66.85456000000005,45.704956000000045,87.76878200000003,77,3.2871997984709445e-08,2352.1272,-0.6660799999999987,-1.324799999999994,-0.10488000000000193,19,0.03749258452508828,725.7879999999998,151.65832000000006,126.35606600000007,177.117572,91,2.685480392784612e-15,2257.3579999999997,0.14591481052831937,0.07010956003676178,0.22447723636086014,65,0.0007343172138437582,18.47008076875466
ldc,1.03,rolling-lp-V,max-exp-cap-V retuned,25.49255628020871,3.0844000000000005,-0.021572476895085447,-0.027025436670670287,-0.016357179325062195,22,8.116041088360096e-11,1.145372778537625,-116.242,-144.62630000000004,-88.10817000000011,20,8.875045345406056e-11,2352.1272,-3.9283999999999755,-6.136399999999965,-2.0699999999999723,9,2.1101204190252123e-05,725.7879999999998,-181.36879999999996,-211.51788999999997,-151.09136999999998,15,2.3388554858204267e-15,2257.3579999999997,-0.4116382585608248,-0.5416849579988653,-0.29007699942084353,20,3.7858393027265395e-09,18.47008076875466
ldc,1.04,max-exp-cap-V retuned,max-exp-cap,3.0157514201260893,6.7775,0.0023344378640193166,0.0016617869874265717,0.003084701124397063,63,3.25569043270579e-12,1.032092912608443,35.22680000000001,25.05160000000006,46.48806000000005,65,2.4031766365188943e-12,682.6031999999997,0.027600000000007015,0.0,0.06440000000001177,3,0.10880943004054568,30.175999999999846,88.55000000000004,69.66240000000009,109.03863000000005,71,2.4294878550805644e-13,1802.4272,0.0661140212392486,0.04416776716799394,0.09123161563719764,67,1.119700309921998e-12,2.6732446635064715
ldc,1.04,residual,max-exp-cap-V retuned,3.0157514201260893,6.7761000000000005,-0.009099132406136539,-0.010692268094125433,-0.00750848918319048,8,3.1686412518635367e-15,1.0344273504724624,6.340639999999996,4.502433999999984,8.594686000000012,79,8.861997690158338e-15,717.8299999999997,0.0018400000000017601,1.7763568394002505e-17,0.005520000000005179,6,0.03501498101966249,30.203599999999845,440.68919999999997,416.9726120000001,463.76923999999997,100,3.896340037647931e-18,1890.9772,0.007207446227714866,0.005036211239315069,0.009901908938258552,82,2.7229995432513488e-14,2.73935868474572
ldc,1.04,ppo,max-exp-cap-V retuned,3.0157514201260893,6.7761000000000005,-0.020748478866329075,-0.022280335875847074,-0.01917855389055052,0,3.896559845095909e-18,1.0344273504724624,7.291919999999996,5.14459400000003,9.877119999999946,79,3.3749636756865317e-14,717.8299999999997,0.003680000000001451,1.7763568394002505e-17,0.011040000000004251,6,0.03501498101966249,30.203599999999845,528.00456,504.20899,550.721568,100,3.896559845095909e-18,1890.9772,0.008566655874287945,0.006041683418393,0.011708976839294992,82,1.8231750852836776e-14,2.73935868474572
ldc,1.04,rolling-lp-V,max-exp-cap-V retuned,3.0157514201260893,6.7761000000000005,-0.026901301182650546,-0.029837575396258944,-0.02389645977227972,3,9.044445868078014e-18,1.0344273504724624,-28.188799999999972,-33.23039999999998,-23.432399999999998,0,8.325016414747493e-18,717.8299999999997,-0.02760000000000751,-0.06440000000001327,0.0,0,0.10880943004054568,30.203599999999845,-330.7216000000001,-365.14845999999994,-295.80736999999993,4,9.04195067460095e-18,1890.9772,-0.03634321151014473,-0.04518253057063267,-0.02843499722300993,1,9.718677086453942e-18,2.73935868474572
ldc,1.05,max-exp-cap-V retuned,max-exp-cap,0.053001949019132015,9.679799999999998,0.0,0.0,0.0,0,1.0,0.9859236417751097,0.0,0.0,0.0,0,1.0,30.175999999999846,0.0,0.0,0.0,0,1.0,0.0,0.0,0.0,0.0,0,1.0,682.5939999999995,0.0,0.0,0.0,0,1.0,0.05235583016987919
ldc,1.05,residual,max-exp-cap-V retuned,0.053001949019132015,9.679799999999998,-0.00969009055030602,-0.01129188163394696,-0.00808887967346183,7,1.234309221920007e-15,0.9859236417751097,0.027600000000008233,1.2166934126867092e-15,0.06440000000001284,9,0.007556085226081714,30.175999999999846,0.0,0.0,0.0,0,1.0,0.0,40.75968,29.97171399999996,52.616731999999956,85,1.1687302271761297e-15,682.5939999999995,4.917326886221423e-05,1.495093354488566e-06,0.0001245103648137429,10,0.01817764517238306,0.05235583016987919
ldc,1.05,ppo,max-exp-cap-V retuned,0.053001949019132015,9.679799999999998,-0.02142068162730975,-0.022961261430341773,-0.019855851844928277,0,3.896559845095909e-18,0.9859236417751097,0.03128000000000847,0.003680000000001451,0.06624000000002501,9,0.007556085226081714,30.175999999999846,0.0,0.0,0.0,0,1.0,0.0,42.527920000000016,31.206216000000058,55.00877800000002,85,1.1686389374340962e-15,682.5939999999995,6.163732669362183e-05,1.495093354488566e-06,0.00016238313322306907,10,0.01817764517238306,0.05235583016987919
ldc,1.05,rolling-lp-V,max-exp-cap-V retuned,0.053001949019132015,9.679799999999998,-0.033210454848426545,-0.03695233734971406,-0.029428070076083016,4,7.333806979251821e-18,0.9859236417751097,-1.0948000000000155,-2.0700000000000007,-0.4231999999999971,0,0.00029247830381213256,30.175999999999846,0.0,0.0,0.0,0,1.0,0.0,-144.74360000000001,-165.02109000000004,-125.77297000000002,0,3.896340037647931e-18,682.5939999999995,-0.0010257832580886578,-0.0023748285681893435,-0.0002534684863597013,0,0.0001318338889828333,0.05235583016987919
ldc,none,max-exp-cap-V retuned,max-exp-cap,455.849513591693,,0.019480378682892492,0.015326024498762964,0.023708422555288773,83,1.7205222109437397e-12,1.0875733813584432,408.32360000000006,391.45930999999996,425.4818300000002,100,3.896120241954008e-18,1466.6087999999997,424.37760000000003,409.3167400000001,439.8980000000001,100,3.895900458013434e-18,1334.9291999999998,228.38080000000005,216.52200000000002,240.7271999999999,100,3.895680685825538e-18,616.7127999999997,18.11502402629956,17.50574359699034,18.737311807720737,100,3.896559845095909e-18,63.07732601952121
ldc,none,residual,max-exp-cap-V retuned,455.849513591693,,0.007568182502615948,0.005423395219359397,0.009746551687013497,74,1.4881766911541784e-08,1.1070537600413355,117.78575999999995,102.89440999999992,132.875692,96,1.1831419149523995e-17,1874.9324,119.64047999999998,103.95057000000001,135.64015399999994,97,6.0330102852443595e-18,1759.3067999999998,76.60104,66.48812400000001,86.98609199999999,94,9.318997235593406e-18,845.0935999999996,5.742575760216388,5.138132808779079,6.352405427403842,99,4.2663227307182344e-18,81.19235004582077
ldc,none,hybrid,max-exp-cap-V retuned,455.849513591693,,0.00424696372175936,-0.0005118503981152513,0.00907448839994776,56,0.11691004377816781,1.1070537600413355,77.52472,57.32285399999996,97.46949200000005,77,1.8335925405724723e-10,1874.9324,61.20576000000002,40.792754,81.82328200000003,69,2.7682193413128284e-07,1759.3067999999998,46.68447999999999,33.57811399999999,59.976639999999975,73,6.890272410467851e-09,845.0935999999996,3.837425639818893,3.057117712823524,4.596892003661636,83,2.0689769896103186e-13,81.19235004582077
ldc,none,ppo,max-exp-cap-V retuned,455.849513591693,,-0.012156398851868913,-0.016460355839665985,-0.007851784450063107,25,4.725246164325415e-07,1.1070537600413355,-2.095760000000048,-20.94140800000003,16.815805999999885,45,0.756979822125134,1874.9324,4.035120000000002,-14.378036000000051,22.354527999999963,51,0.6925420648239854,1759.3067999999998,23.07360000000001,11.049108000000047,35.127578000000085,59,0.000635533214510872,845.0935999999996,1.559555297314476,0.8365284168856959,2.2902810414928534,63,6.7474870313051e-05,81.19235004582077
ldc,none,rolling-lp-V,max-exp-cap-V retuned,455.849513591693,,-0.0228365125730664,-0.02821736359760671,-0.017499691754836358,23,1.836214434377775e-11,1.1070537600413355,-141.17400000000006,-164.27635000000004,-118.10867999999991,10,2.371533939313922e-15,1874.9324,-87.17920000000005,-111.61509,-61.8787400000001,20,2.0598776088606233e-09,1759.3067999999998,-45.77000000000002,-60.93183000000008,-30.80160000000001,27,1.2828812700698154e-07,845.0935999999996,-1.6327898831121663,-2.5666474460058253,-0.7156948164742538,35,0.001369133094257241,81.19235004582077
vset=0.99,1.02,max-exp-cap-V retuned,max-exp-cap,99.7657516154327,4.4138,0.05332934996681403,0.04510665124355029,0.06135828701105408,89,4.743781498021361e-16,1.1064158292751096,1949.5904000000003,1911.9614800000002,1987.4302300000004,100,3.896559845095909e-18,1732.8751999999995,1145.3355999999999,1076.19622,1215.3476,100,3.896340037647931e-18,1802.4272,1359.4472000000003,1323.3086800000003,1396.33989,100,3.896120241954008e-18,1334.9291999999998,22.414245087462586,21.712767917034718,23.123855131684536,100,3.896559845095909e-18,34.18992367790392
vset=0.99,1.03,max-exp-cap-V retuned,max-exp-cap,25.49255628020871,6.143399999999999,0.03403507426251527,0.03128886663109675,0.03674753687744985,100,3.896559845095909e-18,1.1113377042751096,549.6999999999999,527.18622,571.61463,100,3.896340037647931e-18,1802.4272,43.184799999999996,31.601540000000004,55.936230000000016,85,1.1680000966936745e-15,682.6031999999997,524.4828000000001,504.46268,544.45623,100,3.896340037647931e-18,1732.8751999999995,2.817486069171829,2.5779250399306095,3.063362413922845,100,3.896559845095909e-18,15.65259469958283
vset=1.01,1.02,max-exp-cap-V retuned,max-exp-cap,99.7657516154327,0.0,0.05332934996681403,0.04510665124355029,0.06135828701105408,89,4.743781498021361e-16,1.1064158292751096,1949.5904000000003,1911.9614800000002,1987.4302300000004,100,3.896559845095909e-18,1732.8751999999995,1145.3355999999999,1076.19622,1215.3476,100,3.896340037647931e-18,1802.4272,1359.4472000000003,1323.3086800000003,1396.3398900000002,100,3.896120241954008e-18,1334.9291999999998,22.414245087462586,21.712767917034718,23.123855131684536,100,3.896559845095909e-18,34.18992367790392
vset=1.01,1.03,max-exp-cap-V retuned,max-exp-cap,25.49255628020871,0.9343999999999998,0.03403507426251527,0.03128886663109675,0.03674753687744985,100,3.896559845095909e-18,1.1113377042751096,549.6999999999999,527.18622,571.61463,100,3.896340037647931e-18,1802.4272,43.184799999999996,31.601540000000004,55.936230000000016,85,1.1680000966936745e-15,682.6031999999997,524.4828000000001,504.46268,544.45623,100,3.895900458013434e-18,1732.8751999999995,2.817486069171829,2.5779250399306095,3.063362413922845,100,3.896559845095909e-18,15.65259469958283
