policy,return_mean,peak_term,v_term,installed_mw
max-exp-cap-V,1.103895868609177,0.9727493842341771,0.13114583333333332,1.4624526566400649
ppo,1.0948973611894666,0.9623646788978,0.13253203125,1.3900859694119632
rolling-lp-V,1.0842172474682692,0.9615264922599358,0.12269010416666667,1.3167659070087199
max-exp-cap,1.0841389338171907,0.984028907775524,0.10010937499999999,1.4929029786507195
ppo-nominal,1.078744349801175,0.9678713029261751,0.11087239583333332,1.4049024025454144
accept-greedy,1.0618226997467808,0.9665186632884474,0.09530338541666668,1.4230927872323391
peak-first,1.043118097758501,0.9291220040085011,0.11399544270833334,1.423253946720705
rolling-lp,1.0231556014863599,0.9503808619030265,0.07277473958333333,0.995963750017321
random,1.0078559470557282,0.8898839418473949,0.11797135416666667,1.2470817261297666
