timesteps,mean_return,std_return
8000,0.89990375,0.021623129863354663
16000,0.9052184000000001,0.016774081430588075
24000,0.9054084,0.015782766640864972
32000,0.9093003000000002,0.013409462539937978
40000,0.9129023,0.013227660322596748
48000,0.91873575,0.013453499492232486
56000,0.92129345,0.015551998326501316
64000,0.94780965,0.013216163899842492
72000,0.9460617499999999,0.010940593589357943
80000,0.9483497999999999,0.016338876756374653
88000,0.9563742,0.020306280667813096
96000,0.9471337999999999,0.019609325502423586
104000,0.95778225,0.014287430216365008
112000,0.9592854,0.018604067634256764
120000,0.9554657499999999,0.019806700537633722
128000,0.9610159000000001,0.01914504623629832
136000,0.9657882499999999,0.01609995550576149
144000,0.9646969000000001,0.02086223944091333
152000,0.9629030499999999,0.022179069571275987
160000,0.9501174500000001,0.01705668611857238
168000,0.9641893000000001,0.020147219376628625
176000,0.95811145,0.026302731984482138
184000,0.9576489,0.020914703401913214
192000,0.97113265,0.024528687058778746
200000,0.9644477000000002,0.03089592764928738
208000,0.9650548499999999,0.02043150805563557
216000,0.9640852500000001,0.023047739231592757
224000,0.9615501,0.01932397738536246
232000,0.97242455,0.026933133750967397
240000,0.9697512499999998,0.02027297811342723
248000,0.9628354000000001,0.02580518483832272
256000,0.9700091000000001,0.019080134676935596
264000,0.9734962000000001,0.01976807806439464
272000,0.9698671500000001,0.026681396946702386
280000,0.9618883,0.027504581229497026
288000,0.9707920999999999,0.026941747285393336
296000,0.95945435,0.023108474790160868
304000,0.9694647,0.025547304071271378
312000,0.9760638500000001,0.022414878220224636
320000,0.9686902,0.029554585653668055
328000,0.98071655,0.013792819086303563
336000,0.9718364499999999,0.021600562794693558
344000,0.9760673000000001,0.02003038422022903
352000,0.96401155,0.02578699439538272
360000,0.9646562000000001,0.02011190300195386
368000,0.9689862499999998,0.026950111392858814
376000,0.9741267499999999,0.025679528262557705
384000,0.9729167500000002,0.025337964914086936
392000,0.9730147999999998,0.021193808356687566
400000,0.9661821500000001,0.023163345311666455
408000,0.9785103000000002,0.02405952947815065
416000,0.9673801500000001,0.026224962412318156
424000,0.9697346999999998,0.02068909650057246
432000,0.9716831000000001,0.030741969025909838
440000,0.9720930000000003,0.022030282292789635
448000,0.9766372499999999,0.020205165321954183
456000,0.9698801999999999,0.02385971910899206
464000,0.96040755,0.018551009464379573
472000,0.9665759500000002,0.021727408946938434
480000,0.967456,0.018588859722963095
488000,0.9724489499999999,0.027834244064596055
496000,0.9687852500000002,0.027143114802606942
